Refs,Disposition,Candidate MPN,LCSC,Manufacturer,China stock snapshot,Stock timestamp UTC,5 boards + 20%,Candidate order multiple,Candidate order qty,Stock covers candidate qty,Displayed starting price CNY,Source,OEM datasheet,Qualification,Applied to schematic refs,Alternate candidate,Alternate LCSC,Alternate China stock,Alternate stock timestamp UTC,Alternate source,Alternate qualification,Notes
"C1,C2",SOURCED_PROTOTYPE_ELIGIBLE,EKZN101ELL101MJ20S,C337258,NCC(日本贵弥功),2865,2026-10-10T14:50:44.885249+00:00,12,5,15,True,1.3711,https://item.szlcsc.com/315233.html,https://atta.szlcsc.com/upload/public/pdf/source/20191031/C438448_563864FB75F1471974F641286D93AA2B.pdf,READY_FOR_PROTOTYPE,"C1,C2",100ZLH100MEFC10X20,C330940,4270,2026-10-10T14:50:44.930746+00:00,https://item.szlcsc.com/310453.html,READY_FOR_PROTOTYPE,"NCC EKZN101ELL101MJ20S C337258 stock2865 selected;100uF20%100V,D10xL20,P5mm,lead0.6mm. OEM KZN page3 exact EKZN101E[LL]101MJ20S rowconfirmsD10x20,1.43Arms@105C100kHz,0.068ohm impedance@20C100kHz (not universalESR);page1diameterD+.5max,heightL+1.5max,pitch5±.5mm. Rubycon100ZLH100MEFC10X20 C330940 stock4270 alternate same100uF20%100V,D10x20,P5mm with1.04Arms@105C100kHz and0.12ohm impedance;OEMpages1/3visuallyverified. ExistingD10P5footprint nominalgeometry retained butheight20mm(max~22) differsfromearlierAishi16mmcandidate;assemblyheightenvelope mustallowit. 100Vrated affords48Vbusmargin. Systeminverterripple,regenenergy,temperature/lifetime qualification remainsOPEN;loweralternate1.04Arating mustnotinheritprimary1.43Alimit. DomesticcandidatesretainedunderexplicitOEMdrawinghold."
C3,SOURCED_PROTOTYPE_ELIGIBLE,C212E105J6BC000,C604836,faratronic(厦门法拉),940,2026-10-10T14:31:22.175003+00:00,6,5,10,True,0.7193,https://item.szlcsc.com/635595.html,https://atta.szlcsc.com/upload/public/pdf/source/20190717/C404859_EF21AC612EDD98432EE9D266CBC8B364.pdf,READY_FOR_LIMITED_ENERGY_PROTOTYPE_AFTER_FOOTPRINT_UPDATE,C3,,,,,,BLOCKED_NOT_SOURCED_OR_NO_STOCK,"Resolved exact6B body: Faratronic C212E105J6BC0001uF5%250V metallized polyester,mainland stock940. OEM scanned pages1-3 visually reviewed:code2E250V,1051uF,J5%,6P15,Bsmall,C000straight20..30mm leads; W17.5/H12.9/T7.2mm max,P15±.8mm,d.60±.05mm. Replace invalid1210 film placeholder with verified P15 THT footprint. Rated85C,derate1.25%/C to105C;234.4V@90C remains large margin over48V bus. OEM typical application includes DC bypass/filter/low pulse;dynamic bus ripple and pulse stress remains release gate (table250V/P15 PatternIII12V/us,applicability to small-bodyB must be confirmed before relying on that pulse rating). Appropriate for low-energy prototype after footprint/layout checks;not full-power film qualification. No different-manufacturer same-body alternate verified."
C4,SOURCED_PROTOTYPE_ELIGIBLE,C4532C0G2A104JT000N,C342611,TDK,1265,2026-10-10T14:23:38.568088+00:00,6,1,6,True,3.11,https://item.szlcsc.com/319461.html,https://atta.szlcsc.com/upload/public/pdf/source/20191028/C441477_722A9436F63B689BB01D466E49BFBC99.pdf,READY_FOR_PROTOTYPE_AFTER_FOOTPRINT_UPDATE,C4,FM43N104J101EGG,C42391415,375,2026-10-10T14:23:38.586160+00:00,https://item.szlcsc.com/44325719.html,READY_FOR_PROTOTYPE_AFTER_FOOTPRINT_UPDATE,"Retain100nF,100V,C0G; change1210 placeholder to1812. TDK catalogC4532C0G2A104J320KA maps labelC4532C0G2A104JT000N;4.5±0.4x3.2±0.4mm,height3.2±0.3. OEM dimensional/electrical compatibility for1812 verified. PSA FM43N104J101EGG1812 different manufacturer with same nominal voltage/value/dielectric; OEM catalog reviewed. Local bus bypass routing loop must be replanned after footprint update."
C5,SOURCED_PROTOTYPE_ELIGIBLE,0603B103K101NT,C43253,FH(风华),27150,2026-10-10T14:17:47.270054+00:00,6,50,50,True,0.0391,https://item.szlcsc.com/44244.html,https://atta.szlcsc.com/upload/public/pdf/source/20260730/02F3503A6D76391150EDFB346112EFA5.pdf,READY_FOR_PROTOTYPE,C5,CL10B103KB8NNNC,C1589,1500600,2026-10-10T14:20:25.726074+00:00,https://item.szlcsc.com/1941.html,READY_FOR_PROTOTYPE,10nF100V10%X7R0603 meets low-voltage bus-sense filter nominal;FH OEM B/X7R103/K/101 code and0603 outline confirmed. Sampling/filter settling remains ordinary system validation.
C18,SOURCED_PROTOTYPE_ELIGIBLE,0805B224K500NT,C163697,FH(风华),53300,2026-10-10T14:17:47.299639+00:00,6,50,50,True,0.0616,https://item.szlcsc.com/175079.html,https://atta.szlcsc.com/upload/public/pdf/source/20260730/02F3503A6D76391150EDFB346112EFA5.pdf,READY_FOR_PROTOTYPE,C18,CL21B224KBFNNNE,C5378,49900,2026-10-10T14:20:26.398928+00:00,https://item.szlcsc.com/5810.html,READY_FOR_PROTOTYPE,"220nF50V10%X7R0805 exceeds original25VVCAP requirement;FH OEM224=220nF,K10%,50050V and0805outline confirmed. RegulatorVCAP effective capacitance/stability to verify during bring-up;no rating reduction."
C19,SOURCED_PROTOTYPE_ELIGIBLE,0805B104K101NT,C89258,FH(风华),480540,2026-10-10T14:18:53.347708+00:00,6,20,20,True,0.033,https://item.szlcsc.com/90438.html,https://atta.szlcsc.com/upload/public/pdf/source/20260730/02F3503A6D76391150EDFB346112EFA5.pdf,READY_FOR_PROTOTYPE,C19,0805B104K101CT,C77456,26000,2026-10-10T15:34:54.646404+00:00,https://item.szlcsc.com/78585.html,"READY_FOR_PROTOTYPE: Walsin different manufacturer;100nF10%100V X7R0805 matches nominal,tolerance,rating,dielectric and land. OEM general-purpose approval ASC_GeneralPurpose_001AA_AS Aug2015 pp2-3 ordering/0805 dimensions; Cu/Ni/Sn terminals. Typical0805 2.00x1.25mm, family max2.20x1.45mm; existing0805 land retained. Bus transient/bias and first-article assembly remain application gates.","100nF100V10%X7R0805 forVS bypass;100Vrating retained for bus-related48Vpower-input service. FH OEM104,K,101,B and0805outline confirmed. Transient bus limit remains a system gate."
"C20,C21",SOURCED_PROTOTYPE_ELIGIBLE,1210B225K101NT,C42400139,FH(风华),8970,2026-10-10T14:17:46.316771+00:00,12,5,15,True,0.5999,https://item.szlcsc.com/44351740.html,https://atta.szlcsc.com/upload/public/pdf/source/20260730/02F3503A6D76391150EDFB346112EFA5.pdf,READY_FOR_PROTOTYPE,"C20,C21",GCJ32DR72A225KA01L,C388903,1094,2026-10-10T14:17:46.354138+00:00,https://item.szlcsc.com/364227.html,READY_FOR_PROTOTYPE,"2.2uF100V10%X7R1210 each;FH OEM225,K,101 and1210outline confirmed. Nominal/rating/footprint source-qualified. Do not equate2.2uF nominal with guaranteed2.2uF at48VDC;effective capacitance,input ripple and buck operation remain application gates."
"C22,C23",SOURCED_PROTOTYPE_ELIGIBLE,1210B226K250NT,C5204920,FH(风华),18147,2026-10-10T14:17:46.387177+00:00,12,1,12,True,2.3393,https://item.szlcsc.com/5895626.html,https://atta.szlcsc.com/upload/public/pdf/source/20260730/02F3503A6D76391150EDFB346112EFA5.pdf,READY_FOR_PROTOTYPE,"C22,C23",CS3225X7R226K250NRL,C2918511,48190,2026-10-10T14:17:46.347645+00:00,https://item.szlcsc.com/3220363.html,BLOCKED_EXACT_OEM_SHEET_MISMATCH,"22uF25V10%X7R1210 each;FH OEM226,K,250,B and1210outline confirmed.12Voutput duty has nominalvoltage margin;effective capacitance and control-loop stability remain application gates."
C24,SOURCED_PROTOTYPE_ELIGIBLE,0603B222J500NT,C60328,FH(风华),40300,2026-10-10T14:17:47.281612+00:00,6,100,100,True,0.0332,https://item.szlcsc.com/61380.html,https://atta.szlcsc.com/upload/public/pdf/source/20260730/02F3503A6D76391150EDFB346112EFA5.pdf,READY_FOR_PROTOTYPE,C24,CL10B222KB8NNNC,C16033,183150,2026-10-10T14:20:25.695710+00:00,https://item.szlcsc.com/16715.html,READY_FOR_PROTOTYPE,"2.2nF50V5%X7R0603;FH OEM222,J,500,B and0603outline confirmed;BST bootstrap voltage rating is acrossBST-SW differential,notabsolute switched-node voltage. TI regulator topology/recommendednominal unchanged."
C25,SOURCED_PROTOTYPE_ELIGIBLE,0603B332J500NT,C20616243,FH(风华),2550,2026-10-10T14:17:47.106818+00:00,6,50,50,True,0.0377,https://item.szlcsc.com/21982335.html,https://atta.szlcsc.com/upload/public/pdf/source/20260730/02F3503A6D76391150EDFB346112EFA5.pdf,READY_FOR_PROTOTYPE,C25,CC0603JRX7R9BB332,C519530,34900,2026-10-10T15:35:03.907209+00:00,https://item.szlcsc.com/536201.html,"READY_FOR_PROTOTYPE: Yageo different manufacturer; exact OEM specification CC0603JRX7R9BB332 confirms3300pF5%50V X7R0603,1.6±.1x.8±.1x.8±.1mm,-55..125C. Same nominal,tolerance,voltage,dielectric and footprint. Loop tuning and first-article assembly remain application gates.","3.3nF50V5%X7R0603;FH OEM332,J,500,B and0603outline confirmed;CA compensation nominal unchanged. Control-loop tuning remains system application test."
C26,SOURCED_PROTOTYPE_ELIGIBLE,0603CG560J500NT,C1676,FH(风华),140600,2026-10-10T14:18:53.503422+00:00,6,100,100,True,0.0186,https://item.szlcsc.com/2028.html,https://atta.szlcsc.com/upload/public/pdf/source/20260730/02F3503A6D76391150EDFB346112EFA5.pdf,READY_FOR_PROTOTYPE,C26,CL10C560JB81PNC,C472797,0,2026-10-10T14:20:54.477779+00:00,https://item.szlcsc.com/478959.html,BLOCKED_ZERO_STOCK,"56pF50V5%C0G0603;FH OEM560,J,500,CG and0603outline confirmed. Stable compensationCB dielectric retained. Samsung same-value alternative iszero stock."
"C30,C60,C61",SOURCED_PROTOTYPE_ELIGIBLE,HGC0805R7106K250NSLJ,C33546010,Chinocera(华瓷),246085,2026-10-10T14:17:46.750758+00:00,18,5,20,True,0.3406,https://item.szlcsc.com/35278488.html,https://atta.szlcsc.com/upload/public/pdf/source/20260723/7EB3BDFEECF66494B0D077AF4F87288B.pdf,READY_FOR_PROTOTYPE,"C30,C60,C61",FCC0805B106K250FT,C54619707,17225,2026-10-10T14:17:46.842730+00:00,https://item.szlcsc.com/58015466.html,READY_FOR_PROTOTYPE,"ChinoceraHGC0805R7106K250NSLJ10uF25V10%X7R0805. OEM pages2/3/6 decodeR7X7R10610uF,K10%,25025V,Ntermination,Sembossed,L1.25mm,J7inch;outline2.0±.2x1.25±.2mm. Fits C30/60/61 input/reference decoupling nominal requirements;reference settling and guaranteed effectivecap at bias remain applicationvalidation."
C31,SOURCED_PROTOTYPE_ELIGIBLE,CGA0805X7R226M100MT,C23692981,HRE(芯声),7980,2026-10-10T14:17:46.870583+00:00,6,5,10,True,0.7822,https://item.szlcsc.com/25421453.html,https://atta.szlcsc.com/upload/public/pdf/source/20240628/CF49925013D2B6594E99B01DE9E3F720.pdf,READY_FOR_PROTOTYPE,C31,GRM21BZ71A226ME15L,C907991,80,2026-10-10T14:17:46.771364+00:00,https://item.szlcsc.com/973892.html,READY_FOR_PROTOTYPE,"HRE exactOEM CGA0805X7R226M100MT page1:22uF20%10VX7R0805,2.0±.2x1.25±.2x1.25±.2mm,-55..125C±15%. Meets BOM sourcingparameters. Its5.1V effectivecap and ADCUVdynamic hold-up gate S01 remain OPEN;source-ready does not claim gate-off timing. Murata alternative exactOEM page2 confirms22uF20%10VX7R(Murata),not an inferred dielectric code;same0805outline."
"C40,C41,C42,C92",SOURCED_PROTOTYPE_ELIGIBLE,0603CG102J101NT,C88489,FH(风华),900,2026-10-10T14:17:46.792249+00:00,24,50,50,True,0.0834,https://item.szlcsc.com/89669.html,https://atta.szlcsc.com/upload/public/pdf/source/20260730/02F3503A6D76391150EDFB346112EFA5.pdf,READY_FOR_PROTOTYPE,"C40,C41,C42,C92",CL10C102JB8NNNC,C163508,449450,2026-10-10T14:20:25.707496+00:00,https://item.szlcsc.com/174890.html,READY_FOR_PROTOTYPE,1nF100V5%C0G0603 fits ADC RCfilter andC92 stable filtering. OEMCG102J101 confirms stable0±30ppm/Cdielectric and1608outline. Samsung1nF50V5%C0G samefootprint meets low-voltage duty;100Vupgrade not a required alternate criterion.
"C43,C44,C45,C46,C70,C80,C81,C82,C83,C84,C85,C86,C87,C88,C89,C90,C91,C93",SOURCED_PROTOTYPE_ELIGIBLE,0603B104K500NT,C30926,FH(风华),762850,2026-10-10T14:17:46.795711+00:00,108,50,150,True,0.0387,https://item.szlcsc.com/31683.html,https://atta.szlcsc.com/upload/public/pdf/source/20260730/02F3503A6D76391150EDFB346112EFA5.pdf,READY_FOR_PROTOTYPE,"C43,C44,C45,C46,C70,C80,C81,C82,C83,C84,C85,C86,C87,C88,C89,C90,C91,C93",CL10B104KB8NNNC,C1591,39800,2026-10-10T14:20:25.760685+00:00,https://item.szlcsc.com/1943.html,READY_FOR_PROTOTYPE,100nF50V10%X7R0603 ordinary local bypasses;FH OEMB104K500 and1608outline confirmed.50Vrating exceeds all listed logic/analog/driver localrails. C94timing deliberately separate.
"C62,C63,C64,C65,C66,C67,C68",SOURCED_PROTOTYPE_ELIGIBLE,0603B105K250NT,C59302,FH(风华),863300,2026-10-10T14:18:53.354261+00:00,42,50,50,True,0.22,https://item.szlcsc.com/60350.html,https://atta.szlcsc.com/upload/public/pdf/source/20260730/02F3503A6D76391150EDFB346112EFA5.pdf,READY_FOR_PROTOTYPE,"C62,C63,C64,C65,C66,C67,C68",CL10B105KA8NNNC,C29936,0,2026-10-10T14:20:25.680199+00:00,https://item.szlcsc.com/30690.html,BLOCKED_ZERO_STOCK,"1uF25V10%X7R0603 forADCregcap,AVDD/DVDD localdecoupling;FH OEMB105K250 and1608outline confirmed. Actual railbias effectivecap/ADCregulator behavior remains bring-up qualification;Samsung matchingalternate currentlyzero stock."
C69,SOURCED_PROTOTYPE_ELIGIBLE,CGA1206X7R106K250NT,C6119987,HRE(芯声),57660,2026-10-10T14:18:53.506617+00:00,6,5,10,True,0.5106,https://item.szlcsc.com/7062693.html,https://atta.szlcsc.com/upload/public/pdf/source/20250915/7997FE7A91CE9142B98B1A231623FA45.pdf,READY_FOR_PROTOTYPE,C69,CC1206KKX7R8BB106,C70462,250060,2026-10-10T14:18:53.796820+00:00,https://item.szlcsc.com/71559.html,READY_FOR_PROTOTYPE,"HRE exactOEM CGA1206X7R106K250NT page1:10uF10%25VX7R1206,3.2±.2x1.6±.2x1.6±.2mm,-55..125C±15%.12Vdriver localbulk duty;source-compatible withoutfootprintchange. Effectivecap anddriver transient operation remain applicationchecks."
C71,SOURCED_PROTOTYPE_ELIGIBLE,CGA0805X7R475K250MT,C6119942,HRE(芯声),1140,2026-10-10T14:44:23.638587+00:00,6,10,10,True,0.1536,https://item.szlcsc.com/7062648.html,https://atta.szlcsc.com/upload/public/pdf/source/20260717/7FA3951AEFD121FDE352DC2C40859DA4.pdf,READY_FOR_PROTOTYPE,C71,CL21B475KOFNNNE,C107365,76550,2026-10-10T14:20:26.244650+00:00,https://item.szlcsc.com/108584.html,READY_FOR_PROTOTYPE,"Domestic stocked HRE CGA0805X7R475K250MT C6119942 selected,notzero-stockFH. ExactOEM page1:4.7uF10%25VX7R0805,2.0±.2x1.25±.2x1.25±.2mm,-55..125C±15%;appropriate3.3VIO bypass. SamsungCL21B475KOFNNNE alternate4.7uF10%16VX7R same0805;16V remainsample for3.3VIO,OEMSamsungcode/outline confirmed."
C94,SOURCED_PROTOTYPE_ELIGIBLE,GRT31C5C1H104FA02L,C3839854,muRata(村田),1900,2026-10-10T14:23:13.378158+00:00,6,1,6,True,3.63,https://item.szlcsc.com/4408337.html,https://atta.szlcsc.com/upload/public/pdf/source/20230811/BB9CDD2B0AFC2108EC4F7AFDADD4823B.pdf,READY_FOR_PROTOTYPE_AFTER_FOOTPRINT_UPDATE,C94,C3216C0G1H104JT000N,C319186,5563,2026-10-10T14:27:59.172340+00:00,https://item.szlcsc.com/300452.html,CONDITIONAL_TIMING_REBUDGET_NOT_1PCT_EQUIVALENT,"100nF stable TPS3890 timing capacitor. Replace0603 placeholder with1206 C0G50V; Murata exact GRT31C5C1H104FA02L100nF±1%,3.2±0.2x1.6±0.2x1.6±0.2mm,-55..125C,0±30ppm/C. TDK alternate same1206,100nF±5%,50VC0G; does not meet1% but meets original100nF stable requirement; timing budget must use selected tolerance. OEM TDK catalogC3216C0G1H104J160AA corresponds labelC3216C0G1H104JT000N. Nominal timing unchanged; no proposed dielectric downgrade."
"CBOOT1,CBOOT2,CBOOT3",SOURCED_PROTOTYPE_ELIGIBLE,0805B474K500NT,C49955,FH(风华),31100,2026-10-10T14:56:53.986081+00:00,18,50,50,True,0.0684,https://item.szlcsc.com/50964.html,https://atta.szlcsc.com/upload/public/pdf/source/20260730/02F3503A6D76391150EDFB346112EFA5.pdf,SOURCE_QUALIFIED_DC_BIAS_APPLICATION_GATE_OPEN,"CBOOT1,CBOOT2,CBOOT3",0805B474K500CT-C,C2991505,2660,2026-10-10T14:57:19.764474+00:00,https://item.szlcsc.com/3454072.html,Application qualification required; not automatic full-power substitution,470nF 10% 50V X7R0805; initial+tolerance+temperature maximum594.55nF below1uF. Illustrative143nC/1V droop requires143nF effective (72nC gate +220uA/20kHz +12V/10kohm*50us). This is not worst-case charge/on-time. Exact12V DC-bias/aging minimum absent from OEM data; characterize effective capacitance and bootstrap refresh before full-power operation.
F1,SOURCED_PROTOTYPE_ELIGIBLE,0456025.ER,C315877,Littelfuse(美国力特),2574,2026-10-10T15:07:26.778Z,6,1,6,True,3.26,https://item.szlcsc.com/297512.html,https://www.littelfuse.com/assetdocs/littelfuse_fuse_456_datasheet.pdf?assetguid=d86b18f9-14fa-4764-87ff-8aec12e9a89d,LIMITED_ENERGY_PROTOTYPE,F1,,,,,,UNQUALIFIED,"ONBOARD F1 CANDIDATE — 2026-10-10; isolated only, no working hardware edits.
Selected Littelfuse0456025.ER,C315877:https://item.szlcsc.com/297512.html
ChinaGDstock2574,JS0 at2026-10-10T15:07:26.778Z. Reference minimumpriceCNY3.26;not6qtyquote. Need6for5boards+20%;min1,multiple1. Nothingordered/reserved.
OEM primary2025-09-18 https://www.littelfuse.com/assetdocs/littelfuse_fuse_456_datasheet.pdf?assetguid=d86b18f9-14fa-4764-87ff-8aec12e9a89d
Exact25A row:500A@72VDC and1000A@32VDC. DoNOTclaim125VDCor300A100VDC;125Vcataloglabeland20Arowcannotbetransferred. NomcoldR1.92mOhm,meltingI2t45A²s,veryfast,100%4hminimum/200%60smaximum. Thermalstandard25%continuousderating plusambientcurve. OEMland3.25x3.43pads,6.10gap,9.35centers;10.08x3.05body. Nativefootprint derivedexactrecommendedlayout. 72V exceeds48Vnominal, butoperatingbus/surge/regenerationmuststaywithin72V andprospectivesourcefault<=500A atthatrating. Sourcefaultlevelandtimeconstantunknown; protectioncoordinationOPEN. OEMthermalrecommendation100umcopper andbroadtraces/alternativeverifiedbodytemperature, soexisting2oz/2-3mmroutesandtransitionviasNOTproof25Acurrentcapability. Thermal/inrush/fault/assemblyvalidationremainreleaseblockers. Criticalsingle-sourceexception;noqualifiedstockeddirectalternate.

"
F2,SOURCED_PROTOTYPE_ELIGIBLE,ASMD1812-050,C135358,JDTfuse(集电通),2790,2026-10-10T15:22:48.156295+00:00,6,10,10,True,0.1793,https://item.szlcsc.com/146669.html,https://atta.szlcsc.com/upload/public/pdf/source/20230515/141EC6E8F2A6D78FC40635A196E31E08.pdf,PRIMARY_SOURCE_READY_FOR_PROTOTYPE_WITH_AMBIENT_LIMIT_ALT_LAND_REVIEW,F2,MF-MSMF050-2,C17313,131400,2026-10-10T15:22:48.452251+00:00,https://item.szlcsc.com/17998.html,CONDITIONAL: Bourns OEM land differs; ambient<=85C and derated hold current validation,"{""reference"": ""F2"", ""order_primary"": 10, ""order_alternate"": 10, ""primary_origin"": ""Mainland China"", ""alternate_origin"": ""United States"", ""primary_oem"": ""/private/tmp/passive-oem/146669.pdf"", ""alternate_oem"": ""/private/tmp/passive-oem/17998.pdf"", ""status"": ""PRIMARY_SOURCE_READY_FOR_PROTOTYPE_WITH_AMBIENT_LIMIT_ALT_LAND_REVIEW"", ""electrical"": ""Both15V, hold0.5A at25C/23C, trip1A,100Amaxfault,Rmin.15ohm,R1max1ohm,-40..85C. Holdcurrent derateswithambient;0.5A notguaranteedalltemperatures."", ""primary_body_mm"": {""length"": [4.37, 4.73], ""width"": [3.07, 3.41], ""height"": [0.4, 1.0], ""terminal_min"": [0.3, 0.25]}, ""existing_footprint"": {""name"": ""Fuse:Fuse_1812_4532Metric"", ""pad_mm"": [1.125, 3.4], ""pad_center_x_mm"": [-2.1375, 2.1375], ""qualification"": ""Geometric terminal overlap established with JDT dimensions. OEM JDT drawing supplies body/terminal dimensions without explicit land; solder inspection required for prototype.""}, ""alternate_recommended_land_mm"": {""pad"": [1.5, 3.2], ""inner_gap"": 2.7, ""centers_x"": [-2.1, 2.1]}, ""remaining_gates"": [""Local ambient <=85C; cannot claim90C compatibility."", ""Encoder actual draw below derated holdcurrent."", ""Faulttrip time and connector protection application validation."", ""Bourns alternate different OEM land; review before drop-in.""]}"
J1,SOURCED_PROTOTYPE_ELIGIBLE,321040SG0ABK00A01,C601944,JILN(锦凌),80,2026-10-10T15:20:07.686435+00:00,6,5,10,True,0.896,https://item.szlcsc.com/631374.html,https://atta.szlcsc.com/upload/public/pdf/source/20190920/C429963_F9492D44774B1CF9B8CD95C0C24EAA23.pdf,SOURCE_QUALIFIED_PROTOTYPE,J1,2.54-2*20P直简牛,C9138,14185,2026-10-10T15:21:23.835835+00:00,https://item.szlcsc.com/9661.html,"{""status"": ""CONDITIONAL_CURRENT_AND_OEM_PROVENANCE_REVIEW"", ""family_pdf"": ""/private/tmp/passive-oem/9661.pdf"", ""origin"": ""Mainland China"", ""ratings"": ""1A,-55..105C,contact30mohmmax; not3Aequivalent"", ""land"": ""2.54pitch2rows,1.0finishedholes,0.64squarepins; samecopperpattern"", ""body"": ""L=2.54*n+7.6±.5;width9.0±.1;height8.8±.1;keywidth4.5±.1;tail3.3±.1"", ""provenance"": ""ChineseC9138page suppliesfamilydrawing 简牛2.54-2xnP(3<=n<=40), supplier栏blank; C5665page hasnoPDF. Mechanicalfamilyevidence exists but exactmanufacturerattestationnotproven."", ""current_application"": ""J5 .5A PTC limits demand; J1 per-pin demand<1A required, system load qualification open.""}","{""status"": ""READY_FOR_PROTOTYPE_WITH_FINISHED_HOLE_TOLERANCE_CONTROL"", ""oem"": ""/private/tmp/passive-oem/426414.pdf"", ""drawing"": ""JILN3210 family A0 2015-01-28"", ""origin"": ""Mainland China"", ""body_width_mm"": ""8.9±0.25"", ""body_height_mm"": ""8.8±0.25"", ""length_tolerance_mm"": 0.3, ""tail_length_mm"": ""3.3±0.25"", ""pin_mm"": "".64 square"", ""pitch_mm"": 2.54, ""finished_hole_mm"": ""1.02±0.05; generic1.00 nominal acceptable only if fabrication tolerance keeps .97..1.07"", ""pin_mapping"": ""Top mating view odd row1/3/5 on key slot side. In genericKiCad local coordinates1=(0,0),2=(2.54,0),3=(0,2.54); keyslot negativeX."", ""key_width_mm"": 4.5, ""ratings"": ""3A; -40..105C; contact20mohm max; brass/goldflash; PBT UL94V0; withstand1000VAC/DC (notoperatingvoltage claim)."", ""generic_footprints"": [""Connector_IDC:IDC-Header_2x20_P2.54mm_Vertical"", ""Connector_IDC:IDC-Header_2x05_P2.54mm_Vertical""], ""note"": ""Generic bodyJ5 20.36x8.9; J1 nominal58.46x8.9, adequatecourtyard margins; keydrawinggeneric4.1 vsOEM4.5 is silk/fab depiction notcopper."", ""recommended_common_finished_hole_mm"": ""1.02±.03 =>.99..1.05, inside JILN1.02±.05 and BOOMELE1.00±.05""}"
J3,SOURCED_PROTOTYPE_ELIGIBLE,1714971,C92145,Phoenix Contact(菲尼克斯),111,2026-10-10T14:17:37.758Z,6,1,6,True,6.39,https://item.szlcsc.com/93335.html,https://www.phoenixcontact.com/en-us/products/1714971,KEEP,J3,,,,,,UNQUALIFIED,32A 9.52mm existing Phoenix footprint; keep.
J4,SOURCED_PROTOTYPE_ELIGIBLE,KF950-9.5-3P,C475107,KEFA(科发),200,2026-10-10T14:21:30.510Z,6,1,6,True,1.0763,https://item.szlcsc.com/481603.html,https://www.cnkefa.com/products/7736.html,SELECT_VENDOR_FOOTPRINT,J4,,,,,,UNQUALIFIED,"KEFA KF950-9.5-3P manufacturer drawing and cnkefa product page verified: IEC32A,750V pollutiondegree2,4mm²/AWG22..10,UL groupB30A. Pin centers0/9.50/19.00mm, drillØ1.80+0.10/-0;body28.5×12.60×21.45mm,pin-line5.50mm from long edge,pinsection1.30×0.80,pinlength4.80±0.30mm. Must revise footprint to vendor drawing, not exact existing9.52mm drop-in; preserve pin1/2/3 net map. Terminal heating/clamping validation still required."
J5,SOURCED_PROTOTYPE_ELIGIBLE,321010SG0ABK00A01,C429962,JILN(锦凌),31760,2026-10-10T15:19:22.305350+00:00,6,10,10,True,0.2197,https://item.szlcsc.com/426414.html,https://atta.szlcsc.com/upload/public/pdf/source/20190920/C429963_F9492D44774B1CF9B8CD95C0C24EAA23.pdf,SOURCE_QUALIFIED_PROTOTYPE,J5,2.54-2*5P简牛,C5665,118080,2026-10-10T15:21:23.923864+00:00,https://item.szlcsc.com/6118.html,"{""status"": ""CONDITIONAL_CURRENT_AND_OEM_PROVENANCE_REVIEW"", ""family_pdf"": ""/private/tmp/passive-oem/9661.pdf"", ""origin"": ""Mainland China"", ""ratings"": ""1A,-55..105C,contact30mohmmax; not3Aequivalent"", ""land"": ""2.54pitch2rows,1.0finishedholes,0.64squarepins; samecopperpattern"", ""body"": ""L=2.54*n+7.6±.5;width9.0±.1;height8.8±.1;keywidth4.5±.1;tail3.3±.1"", ""provenance"": ""ChineseC9138page suppliesfamilydrawing 简牛2.54-2xnP(3<=n<=40), supplier栏blank; C5665page hasnoPDF. Mechanicalfamilyevidence exists but exactmanufacturerattestationnotproven."", ""current_application"": ""J5 .5A PTC limits demand; J1 per-pin demand<1A required, system load qualification open.""}","{""status"": ""READY_FOR_PROTOTYPE_WITH_FINISHED_HOLE_TOLERANCE_CONTROL"", ""oem"": ""/private/tmp/passive-oem/426414.pdf"", ""drawing"": ""JILN3210 family A0 2015-01-28"", ""origin"": ""Mainland China"", ""body_width_mm"": ""8.9±0.25"", ""body_height_mm"": ""8.8±0.25"", ""length_tolerance_mm"": 0.3, ""tail_length_mm"": ""3.3±0.25"", ""pin_mm"": "".64 square"", ""pitch_mm"": 2.54, ""finished_hole_mm"": ""1.02±0.05; generic1.00 nominal acceptable only if fabrication tolerance keeps .97..1.07"", ""pin_mapping"": ""Top mating view odd row1/3/5 on key slot side. In genericKiCad local coordinates1=(0,0),2=(2.54,0),3=(0,2.54); keyslot negativeX."", ""key_width_mm"": 4.5, ""ratings"": ""3A; -40..105C; contact20mohm max; brass/goldflash; PBT UL94V0; withstand1000VAC/DC (notoperatingvoltage claim)."", ""generic_footprints"": [""Connector_IDC:IDC-Header_2x20_P2.54mm_Vertical"", ""Connector_IDC:IDC-Header_2x05_P2.54mm_Vertical""], ""note"": ""Generic bodyJ5 20.36x8.9; J1 nominal58.46x8.9, adequatecourtyard margins; keydrawinggeneric4.1 vsOEM4.5 is silk/fab depiction notcopper."", ""recommended_common_finished_hole_mm"": ""1.02±.03 =>.99..1.05, inside JILN1.02±.05 and BOOMELE1.00±.05""}"
L1,SOURCED_PROTOTYPE_ELIGIBLE,SDRH.1209.LF680MT00,C2942326,SOREDE(索瑞达),55,2026-10-10T14:19:33.641Z,6,5,10,True,0.932,https://item.szlcsc.com/3322077.html,https://atta.szlcsc.com/upload/public/pdf/source/20220302/4A650F7FE54659FA437276B7237D1CB9.pdf,LIMITED_ENERGY_PROTOTYPE,L1,,,,,,UNQUALIFIED,"OEM land reviewed. Initial total12Vload<=0.5A; no Irms rating, guaranteed1A and hotL/thermal OPEN. No qualified cross-maker alternate; critical power single-source exception."
L2,SOURCED_PROTOTYPE_ELIGIBLE,SWPA4020S2R2MT,C83423,Sunlord(顺络),32390,2026-10-10T15:29:48.484581+00:00,6,10,10,True,0.2149,https://item.szlcsc.com/84587.html,https://atta.szlcsc.com/upload/public/pdf/source/20210916/AC798BA7E846B7D0B6818F45CD84DB0B.pdf,SOURCE_QUALIFIED_PROTOTYPE,L2,FHD4020S-2R2MT,C602029,115710,2026-10-10T14:59:13.225Z,https://item.szlcsc.com/631459.html,"Same OEM land; maxDCR56mohm,Isat6A,Irms4A,40V; first-article thermal/assembly OPEN","OEM M20 exact2.2uH20%,DCRmax52mohm,Isat3.4A,Irms1.85A; native land and converter margin reviewed; thermal OPEN."
"NTC1,NTC2",SOURCED_PROTOTYPE_ELIGIBLE,CMFA 103F3950,C2889049,时恒,89300,2026-10-10T14:18:50.620Z,12,20,20,True,0.0994,https://item.szlcsc.com/3109498.html,https://atta.szlcsc.com/upload/public/pdf/source/20210906/B03A8E165737D41272F439C17FAA3AAF.pdf,SELECT_VENDOR_FOOTPRINT,"NTC1,NTC2",KNTC0603/10KF3950,C2892547,153840,2026-10-10T14:19:35.207Z,https://item.szlcsc.com/3124166.html,"Primary KUU manufacturer datasheet visually verified same dimensions, recommended pads,10k±1%,B25/50=3950±1%,B25/85=3987,0.31mA/1mWperC/<5s/100mW/-40..125C. Direct interchange on specified vendor NTC footprint, preserve calibration curve. Catalog B25/50=3987 field is incorrect.","Manufacturer primary drawing visually verified: 10kΩ±1%, B25/50=3950K and B25/85=3987K; 0603 body1.6±0.15×0.8±0.15mm, thickness0.8±0.15; nonpolar pins1/2. Permissible current0.31mA@25C, dissipation1mW/C,timeconstant<5s,100mW,-40..125C. Recommended vendor footprint gap0.6..0.8mm/pad length0.6..0.7mm/pad width0.6..0.8mm; select0.70/0.65/0.70 respectively (centers±0.675mm). Existing KiCad generic gap0.85/pads0.8×0.95 does not precisely match recommendation. Shiheng B tolerance not stated in reviewed table; calibration remains required."
"Q1,Q2,Q3,Q4,Q5,Q6,Q7,Q8",SOURCED_PROTOTYPE_ELIGIBLE,BSC040N10NS5,C534334,Infineon(英飞凌),37746,2026-10-10T14:19:36.893Z,48,1,48,True,3.3,https://item.szlcsc.com/554718.html,https://atta.szlcsc.com/upload/public/pdf/source/20200515/C534334_8CEF0B4EEE1D29DF0C57D1840FD5E402.pdf,KEEP,"Q1,Q2,Q3,Q4,Q5,Q6,Q7,Q8",,,,,,UNQUALIFIED,Correct Infineon listing stock37746. Existing orderable suffix BSC040N10NS5ATMA1 preserved; storefront uses base BSC040N10NS5. Do not substitute same-looking VBsemi suffix or change switching dynamics. Alternate C5116343 same base but out of stock.
"R1,R2",SOURCED_PROTOTYPE_ELIGIBLE,PTFR0805B280KP9,C2849140,RESI(开步睿思),70,2026-10-10T14:27:59.154070+00:00,12,5,15,True,0.6729,https://item.szlcsc.com/3048555.html,https://atta.szlcsc.com/upload/public/pdf/source/20250401/FF0B2EF5B31106388F28E532ECCD4B84.pdf,READY_FOR_PROTOTYPE,"R1,R2",RT0805BRD07280KL,C865351,4660,2026-10-10T14:27:59.239879+00:00,https://item.szlcsc.com/925432.html,READY_FOR_PROTOTYPE,"RESI primary mainland China;280k0.1%25ppm0805,standard0.13W@70C150V,OEM visual review confirms B/P/9 ordering,2.0±.2x1.25±.2mm. Each resistor in560k bus divider dissipates about2mW@48V bus,voltage<25V. YAGEO alternative0.125W150V,same0805 and0.1%25ppm; RT OEM ordering and outline verified. Original netlist/value retained."
R3,SOURCED_PROTOTYPE_ELIGIBLE,TC0325B3902T5F,C2988897,UNI-ROYAL(厚声),4650,2026-10-10T14:17:47.445119+00:00,6,50,50,True,0.0862,https://item.szlcsc.com/3448320.html,https://atta.szlcsc.com/upload/public/pdf/source/20250704/E55D4B940A787305EBFEE524BD083243.pdf,READY_FOR_PROTOTYPE,R3,RT0603BRD0739KL,C309652,86830,2026-10-10T14:17:47.558855+00:00,https://item.szlcsc.com/293268.html,READY_FOR_PROTOTYPE,"UNI-ROYAL TC0325B3902T5F OEM TC03=0603,25=25ppm,B=.1%,3902=39k,F=.1W;75V. Bus-sense lower leg has only a few volts,well below derated power;1.6x.8mm standard0603. YAGEO RT0603 alternate covered by RT OEM."
R20,SOURCED_PROTOTYPE_ELIGIBLE,0603WAF1003T5E,C25803,UNI-ROYAL(厚声),12088200,2026-10-10T14:20:26.246219+00:00,6,100,100,True,0.0093,https://item.szlcsc.com/26546.html,https://atta.szlcsc.com/upload/public/pdf/source/20200306/C422600_1E6D84923E4A46A82E41ADD87F860B5C.pdf,READY_FOR_PROTOTYPE,R20,RS-03K1003FT,C115320,5816300,2026-10-10T14:16:35.888015+00:00,https://item.szlcsc.com/116568.html,READY_FOR_LOW_VOLTAGE_REFS_ONLY_R20_BLOCKED,"Select UNI-ROYAL0603WAF1003T5E75V100mW1% as group primary because R20 is the bus-side RON element. At60V,100k dissipates36mW,below0.1W derated to~76mW@90C; voltage below75V. FH RS-03K1003FT alternate distributor50V conflicts with family75V; acceptable only for low-voltage R56..61/R89,not whole-group substitution on R20 without exact rating confirmation."
"R21,R23",SOURCED_PROTOTYPE_ELIGIBLE,RC0603FR-07453KL,C273765,YAGEO(国巨),3600,2026-10-10T14:18:54.180296+00:00,12,100,100,True,0.0282,https://item.szlcsc.com/262180.html,https://atta.szlcsc.com/upload/public/pdf/source/20250610/89E4D743C004A82A45145C7A2CC3A578.pdf,READY_FOR_PROTOTYPE,"R21,R23",RTT034533FTP,C103651,0,2026-10-10T14:16:35.919983+00:00,https://item.szlcsc.com/104866.html,BLOCKED_NOT_SOURCED_OR_NO_STOCK,"YAGEO RC0603FR-07453KL:453k1%,0603 1.6±.1x.8±.1mm,0.1W75V per OEM RC catalog;low-power feedback divider. RALEC matching alternate remains zero stock."
R22,SOURCED_PROTOTYPE_ELIGIBLE,0603WAF4992T5E,C23184,UNI-ROYAL(厚声),1464800,2026-10-10T14:16:35.968697+00:00,6,100,100,True,0.008,https://item.szlcsc.com/23911.html,https://atta.szlcsc.com/upload/public/pdf/source/20200306/C422600_1E6D84923E4A46A82E41ADD87F860B5C.pdf,READY_FOR_PROTOTYPE,R22,RT0603BRD0749K9L,C705780,157540,2026-10-10T14:21:19.270479+00:00,https://item.szlcsc.com/742300.html,READY_FOR_PROTOTYPE,"UNI-ROYAL0603WAF4992T5E49.9k1%100mW75V0603 per OEM standard thick-film catalog. YAGEORT0603BRD0749K9L49.9k0.1%25ppm100mW75V meets original1% in same footprint,RT OEM reviewed."
"R40,R41,R42",SOURCED_PROTOTYPE_ELIGIBLE,RS-03K47R0FT,C140087,FH(风华),189600,2026-10-10T14:18:53.836856+00:00,18,100,100,True,0.0081,https://item.szlcsc.com/151413.html,https://atta.szlcsc.com/upload/public/pdf/source/20260525/1D8CDEB9F7F4208858E1F2F6F2BB4F43.pdf,READY_FOR_PROTOTYPE,"R40,R41,R42",0603WAF470JT5E,C23182,122800,2026-10-10T14:16:35.597238+00:00,https://item.szlcsc.com/23909.html,READY_FOR_PROTOTYPE,"FH RS-03K47R0FT47ohm1%100mW0603; OEM series dimensions1.6x.8mm,100ppm,50V conservative item limit. Low-energy analog filtering duty; UNI-ROYAL same value1%0603 alternative OEM verified. Actual current/settling remains system ADC test."
R50,SOURCED_PROTOTYPE_ELIGIBLE,PTFR0603B8K20P9,C351624,RESI(开步睿思),735,2026-10-10T15:20:14.267246+00:00,6,5,10,True,0.524,https://item.szlcsc.com/327532.html,https://atta.szlcsc.com/upload/public/pdf/source/20250401/FF0B2EF5B31106388F28E532ECCD4B84.pdf,SOURCE_QUALIFIED_PROTOTYPE,R50,RT0603BRD078K2L,C861589,54140,2026-10-10T15:19:37.051357+00:00,https://item.szlcsc.com/921927.html,Same resistance/tolerance/TCR0603; assembled trip budget validation OPEN,"RESI PTFR0603 0.1W100V; B0.1%, P25ppm. OEM operating range-55..155C supersedes listing125C. FH exact8.2k C667024 zero stock."
R53,SOURCED_PROTOTYPE_ELIGIBLE,TD03G2001BT,C666953,FH(风华),29770,2026-10-10T15:19:22.289015+00:00,6,10,10,True,0.1772,https://item.szlcsc.com/696253.html,https://atta.szlcsc.com/upload/public/pdf/source/20200616/C657321_2CFA27FA726BC0D0F6223AF922169515.pdf,SOURCE_QUALIFIED_PROTOTYPE,R53,ERA3AEB202V,C193242,5250,2026-10-10T15:19:37.130532+00:00,https://item.szlcsc.com/226509.html,Same resistance/tolerance/TCR0603; assembled trip budget validation OPEN,FH TD03G2001BT 2k0.1%25ppm100mW50V; PanasonicERA3AEB202V2k0.1%25ppm100mW75V. Both0603.
R54,SOURCED_PROTOTYPE_ELIGIBLE,RS-03K4701FT,C116693,FH(风华),2968300,2026-10-10T14:16:36.445476+00:00,6,100,100,True,0.0116,https://item.szlcsc.com/117947.html,https://atta.szlcsc.com/upload/public/pdf/source/20260525/1D8CDEB9F7F4208858E1F2F6F2BB4F43.pdf,READY_FOR_PROTOTYPE,R54,0603WAF4701T5E,C23162,8757800,2026-10-10T14:20:54.562548+00:00,https://item.szlcsc.com/23889.html,READY_FOR_PROTOTYPE,FH RS-03K4701FT4.7k1%100mW0603. VIO3.3V pull-up worst2.32mW vs~76mW at90C. UNI-ROYAL75V same0603/tolerance alternate OEM verified.
"R55,R80,R81,R82,R83,R84,R85,R86,R87,R90,R91,RGS1,RGS2,RGS3,RGS4,RGS5,RGS6",SOURCED_PROTOTYPE_ELIGIBLE,ABD03K1002FT,C5139509,FH(风华),11100,2026-10-10T14:16:36.463303+00:00,102,100,200,True,0.0156,https://item.szlcsc.com/5751592.html,https://atta.szlcsc.com/upload/public/pdf/source/20220825/CB6AD4F3A68E21A294284F8D65B5AAD9.pdf,READY_FOR_PROTOTYPE,"R55,R80,R81,R82,R83,R84,R85,R86,R87,R90,R91,RGS1,RGS2,RGS3,RGS4,RGS5,RGS6",0603WAF1002T5E,C25804,2000,2026-10-10T14:18:53.879110+00:00,https://item.szlcsc.com/6141756.html,READY_FOR_PROTOTYPE,"FH ABD03K1002FT10k1%100mW75V0603; OEM AB-series dimensions1.6±.1x.8±.1mm,K100ppm,F1%,derating above70C. Even12V gate-source pull-down dissipation14.4mW is below~76mW at90C. UNI-ROYAL identical value/size/tolerance75V alternative OEM verified."
"R56,R57,R58,R59,R60,R61,R89",SOURCED_PROTOTYPE_ELIGIBLE,RS-03K1003FT,C115320,FH(风华),5816300,2026-10-10T14:16:35.888015+00:00,42,100,100,True,0.0104,https://item.szlcsc.com/116568.html,https://atta.szlcsc.com/upload/public/pdf/source/20260525/1D8CDEB9F7F4208858E1F2F6F2BB4F43.pdf,READY_FOR_PROTOTYPE,"R56,R57,R58,R59,R60,R61,R89",0603WAF1003T5E,C25803,12088200,2026-10-10T14:20:26.246219+00:00,https://item.szlcsc.com/26546.html,READY_FOR_LOW_VOLTAGE_REFS_ONLY_R20_BLOCKED,"Authored per-reference selection retained; historical grouped values may contain mixed manufacturers. Select UNI-ROYAL0603WAF1003T5E75V100mW1% as group primary because R20 is the bus-side RON element. At60V,100k dissipates36mW,below0.1W derated to~76mW@90C; voltage below75V. FH RS-03K1003FT alternate distributor50V conflicts with family75V; acceptable only for low-voltage R56..61/R89,not whole-group substitution on R20 without exact rating confirmation."
"R70,R71",SOURCED_PROTOTYPE_ELIGIBLE,TD03G1002BT,C667034,FH(风华),15730,2026-10-10T14:16:36.501809+00:00,12,10,20,True,0.0828,https://item.szlcsc.com/696334.html,https://atta.szlcsc.com/upload/public/pdf/source/20181211/C347100_9EFE94D77969634609276CBD120ED731.pdf,READY_FOR_PROTOTYPE,"R70,R71",PTFR0603B10K0P9,C328421,80590,2026-10-10T14:16:36.027318+00:00,https://item.szlcsc.com/308323.html,READY_FOR_PROTOTYPE,"FH TD03G1002BT10k0.1%25ppm0603; use conservative generic TD0603 rating62.5mW50V despite distributor100mW. Low-voltage OCP threshold/NTC divider load is well below62.5mW. RESI PTFR0603B10K0P9 alternate OEM visual review confirms.1%,25ppm,0.1W100V,1.6x.8mm; may use as domestic different-manufacturer alternative."
R88,SOURCED_PROTOTYPE_ELIGIBLE,ABD03K1001FT,C5125843,FH(风华),97200,2026-10-10T14:18:54.055714+00:00,6,100,100,True,0.0139,https://item.szlcsc.com/5725803.html,https://atta.szlcsc.com/upload/public/pdf/source/20220825/CB6AD4F3A68E21A294284F8D65B5AAD9.pdf,READY_FOR_PROTOTYPE,R88,CRCW06031K00FKEA,C844920,27500,2026-10-10T14:18:53.984958+00:00,https://item.szlcsc.com/904494.html,CANDIDATE_OEM_REVIEW_PENDING,"FH ABD03K1001FT1k1%100mW75V0603 with AB OEM qualification;3.3V load10.9mW below~76mW derated at90C. Vishay alternate listing parameters match,exact OEM review remains pending."
R92,SOURCED_PROTOTYPE_ELIGIBLE,TD03G3241BT,C666977,FH(风华),4440,2026-10-10T15:01:16.594595+00:00,6,20,20,True,0.1025,https://item.szlcsc.com/696277.html,https://atta.szlcsc.com/upload/public/pdf/source/20200616/C657321_2CFA27FA726BC0D0F6223AF922169515.pdf,READY_FOR_PROTOTYPE,R92,RT0603BRB073K24L,C860367,8950,2026-10-10T15:01:16.476158+00:00,https://item.szlcsc.com/920705.html,READY_FOR_PROTOTYPE,"Parent approved revised prototype design specification and0.00702 common R92 bound on2026-10-10;3.24k value and0603 footprint unchanged. FH primary mainland China; Yageo alternate Taiwan. OEM TD T-2.0 pp4-7 ordering/dimensions/rating; RT V16 pp2/5/6 confirm1.6x.8mm,0.1%,10ppm alternate. Parent static corner result falling~4.792V/risingmax~5.002V with>14mV margin after10mVripple. OEM qualification-test limits used for a prototype engineering budget are not guaranteed lifetime bounds; lifetime qualification remains open."
R93,SOURCED_PROTOTYPE_ELIGIBLE,PTFR0603Q1K00N9,C23067434,RESI(开步睿思),21241,2026-10-10T14:45:03.248483+00:00,6,1,6,True,1.82,https://item.szlcsc.com/24793907.html,https://atta.szlcsc.com/upload/public/pdf/source/20250401/FF0B2EF5B31106388F28E532ECCD4B84.pdf,READY_FOR_PROTOTYPE,R93,ERA-3ARW102V,C2073443,7252,2026-10-10T14:45:03.187207+00:00,https://item.szlcsc.com/2165028.html,READY_FOR_PROTOTYPE,"Mainland RESI PTFR0603Q1K00N9,1k0.02%10ppm0603,improves original0.05% without value or TCR change. OEM PTFR pages2/3 visually verifies1k in100..5.1k range,.02%10ppm,0.1W100V1.6x.8mm. Panasonic ERA-3ARW102V alternate1k0.05%10ppm0603 .1W75V from OEM exact series ordering/specifications;stock7252. Low-power divider source qualification complete. Whole-application0.1%lifetime drift remains an engineering allocation."
R94,SOURCED_PROTOTYPE_ELIGIBLE,PTFR0603Q75K0N9,C53280140,RESI(开步睿思),3465,2026-10-10T14:45:36.774965+00:00,6,1,6,True,1.79,https://item.szlcsc.com/56346573.html,https://atta.szlcsc.com/upload/public/pdf/source/20250401/FF0B2EF5B31106388F28E532ECCD4B84.pdf,READY_FOR_PROTOTYPE,R94,,,,,,BLOCKED_NOT_SOURCED_OR_NO_STOCK,"Mainland RESI PTFR0603Q75K0N9,75k0.02%10ppm0603,stock3465;improves tolerance from0.05% while retaining same value andTCR. OEM PTFR permits5.1k..270k10ppm/.02%,0603 0.1W100V,1.6x.8mm. Whole-application lifetime drift allocation remains open;no Chinese-stock different-manufacturer precision-equivalent alternate verified."
R95,SOURCED_PROTOTYPE_ELIGIBLE,PTFR0603Q10K0N9,C51822132,RESI(开步睿思),4382,2026-10-10T14:29:13.832063+00:00,6,1,6,True,1.79,https://item.szlcsc.com/54484928.html,https://atta.szlcsc.com/upload/public/pdf/source/20250401/FF0B2EF5B31106388F28E532ECCD4B84.pdf,READY_FOR_PROTOTYPE,R95,,,,,,BLOCKED_NOT_SOURCED_OR_NO_STOCK,"Domestic critical precision exception resolved: RESIPTFR0603Q10K0N9 improves tolerance0.05%->0.02% and preserves10ppm/C,10k,0603. OEM visual pages2/3 supports0603,10kQ.02%N10ppm,0.1W100V and1.6x.8mm. Prototype qualification does not close whole-circuit0.1%lifetime drift budget;OEM rated-power2000h max drift±.1% plus other drift cannot be silently treated as application guarantee. Different-manufacturer Chinese-stock alternate still unresolved."
"RG1,RG2,RG3,RG4,RG5,RG6",SOURCED_PROTOTYPE_ELIGIBLE,RS-03K33R0FT,C125766,FH(风华),392500,2026-10-10T15:00:03.662470+00:00,36,100,100,True,0.0073,https://item.szlcsc.com/137045.html,https://atta.szlcsc.com/upload/public/pdf/source/20260525/1D8CDEB9F7F4208858E1F2F6F2BB4F43.pdf,READY_FOR_LIMITED_ENERGY_PROTOTYPE_PULSE_GATE_OPEN,"RG1,RG2,RG3,RG4,RG5,RG6",0603WAF330JT5E,C23140,2984600,2026-10-10T14:59:09.817475+00:00,https://item.szlcsc.com/23867.html,Application qualification required; not automatic full-power substitution,"{""status"": ""READY_FOR_LIMITED_ENERGY_PROTOTYPE_PULSE_GATE_OPEN"", ""footprint"": ""Resistor_SMD:R_0603_1608Metric"", ""oem_pdfs"": [""/private/tmp/passive-oem/73924.pdf"", ""/private/tmp/passive-oem/23867.pdf""], ""order_primary"": 100, ""order_alternate"": 100, ""note"": ""33ohm1%100mW0603. Both OEM dimensions1.6±.1x.8±.1mm. Switching loss/pulse stress remains application gate.""}"
"RSH1,RSH2,RSH3",SOURCED_PROTOTYPE_ELIGIBLE,HoYLR2512-3W-5mR-1%,C5375461,,69960,2026-10-10T14:13:50.395Z,18,10,20,True,0.1601,https://item.szlcsc.com/6233958.html,,SOURCE_QUALIFIED_PROTOTYPE,"RSH1,RSH2,RSH3",LR2512-23R005F4,C154688,8630,2026-10-10T14:35:29.157Z,https://item.szlcsc.com/166030.html,RALEC land envelope reviewed; thermal/assembly OPEN,5mohm3W primary OEM two-terminal Kelvin land; 0.5W at10A and2W at20A; thermal/pulse/calibration OPEN.
RSH4,SOURCED_PROTOTYPE_ELIGIBLE,HoYLR2512-3W-2mR-1%,C5375458,Milliohm(毫欧),9100,2026-10-10T15:12:30.655060+00:00,6,10,10,True,0.1851,https://item.szlcsc.com/6233955.html,https://atta.szlcsc.com/upload/public/pdf/source/20260807/2744A3B9486B05923CE3C700940B3DAC.pdf,PRIMARY_SOURCE_READY_FOR_PROTOTYPE_ALTERNATE_FOOTPRINT_REVIEW,RSH4,LR2512-23R002F4,C154685,28280,2026-10-10T15:12:16.161908+00:00,https://item.szlcsc.com/166027.html,CONDITIONAL: different RALEC recommended land; footprint and thermal review required,3W nominal rating deratesabove70Ctozero170C;thermalandpulsequalificationremain. Exact2mR OEMpackage6.4±.2x3.2±.2x.75±.2mm terminal.9±.2. RALECnotautomaticlandinterchange.
U1,SOURCED_PROTOTYPE_ELIGIBLE,DRV8300DPWR,C3036056,TI(德州仪器),4653,2026-10-10T14:53:32.880Z,6,1,6,True,2.15,https://item.szlcsc.com/3585292.html,https://www.ti.com/lit/ds/symlink/drv8300.pdf,LIMITED_ENERGY_PROTOTYPE,U1,,,,,,UNQUALIFIED,"DRV8300DPWR D noninverting internal bootstrap diode; removeD2..4;470nF CBOOT/33ohm RG. Effective C>=120nF at12V, <=1uF; SH slew<=2V/ns and turn-off/UVLO/bootstrap/gatepulse validation OPEN. Critical single-source exception."
"U2,U3,U4",SOURCED_PROTOTYPE_ELIGIBLE,INA240A1DR,C2060769,TI(德州仪器),27326,2026-10-10T14:19:38.470Z,18,1,18,True,3.46,https://item.szlcsc.com/2152342.html,https://www.ti.com/lit/ds/symlink/ina240.pdf,KEEP,"U2,U3,U4",,,,,,UNQUALIFIED,Exact existing manufacturer/MPN/package preserved. Safety/current acquisition/power control single-source exception justified by retaining proven pin map and behavior; independent domestic alternative not qualified. User explicitly requires A1 gain20. 80V common-mode and transient qualification stays OPEN.
U5,SOURCED_PROTOTYPE_ELIGIBLE,INA240A1DR,C2060769,TI(德州仪器),27326,2026-10-10T14:19:38.470Z,6,1,6,True,3.46,https://item.szlcsc.com/2152342.html,https://www.ti.com/lit/ds/symlink/ina240.pdf,SOURCE_QUALIFIED_PROTOTYPE,U5,,,,,,Critical current-chain alternative requires full review,"Bus INA240A1 gain20, refsGND;2mohm =>40mV/A. Common-mode/transient/recovery and OCP timing qualification OPEN."
U6,SOURCED_PROTOTYPE_ELIGIBLE,ADS8588SIPM,C1543171,TI(德州仪器),111,2026-10-10T14:19:40.675Z,6,1,6,True,40.82,https://item.szlcsc.com/1633974.html,https://www.ti.com/lit/ds/symlink/ads8588s.pdf,KEEP,U6,ADS8588SIPMR,C575544,1907,2026-10-10T14:19:40.462Z,https://item.szlcsc.com/602102.html,"ADS8588SIPMR is same TI device/package, tape/reel instead of tray; direct ordering alternative, not different manufacturer.",Exact existing manufacturer/MPN/package preserved. Safety/current acquisition/power control single-source exception justified by retaining proven pin map and behavior; independent domestic alternative not qualified.
U7,SOURCED_PROTOTYPE_ELIGIBLE,AM26LV32EIPWR,C404024,TI(德州仪器),45246,2026-10-10T14:19:40.097Z,6,1,6,True,1.91,https://item.szlcsc.com/391015.html,https://www.ti.com/lit/ds/symlink/am26lv32e.pdf,KEEP,U7,,,,,,UNQUALIFIED,Exact existing manufacturer/MPN/package preserved. Safety/current acquisition/power control single-source exception justified by retaining proven pin map and behavior; independent domestic alternative not qualified.
"U8,U9,U10",SOURCED_PROTOTYPE_ELIGIBLE,SN74LVC2G08DCUR,C91875,TI(德州仪器),20,2026-10-10T14:19:41.929Z,18,5,20,True,1.6341,https://item.szlcsc.com/93064.html,https://www.ti.com/lit/ds/symlink/sn74lvc2g08.pdf,KEEP,"U8,U9,U10",,,,,,UNQUALIFIED,Exact existing manufacturer/MPN/package preserved. Safety/current acquisition/power control single-source exception justified by retaining proven pin map and behavior; independent domestic alternative not qualified. Only20 pieces stock vs18 required; purchase quantity must respect minimum/multiple; reserve promptly.
"U11,U23",SOURCED_PROTOTYPE_ELIGIBLE,SN74LVC1G11DCKR,C529281,TI(德州仪器),5775,2026-10-10T14:19:41.766Z,12,5,15,True,0.4503,https://item.szlcsc.com/549714.html,https://www.ti.com/lit/ds/symlink/sn74lvc1g11.pdf,KEEP,"U11,U23",,,,,,UNQUALIFIED,Exact existing manufacturer/MPN/package preserved. Safety/current acquisition/power control single-source exception justified by retaining proven pin map and behavior; independent domestic alternative not qualified.
U12,SOURCED_PROTOTYPE_ELIGIBLE,LM5164DDAR,C477928,TI(德州仪器),365,2026-10-10T14:19:40.307Z,6,1,6,True,8.5,https://item.szlcsc.com/485030.html,https://www.ti.com/lit/ds/symlink/lm5164.pdf,KEEP,U12,,,,,,UNQUALIFIED,Exact existing manufacturer/MPN/package preserved. Safety/current acquisition/power control single-source exception justified by retaining proven pin map and behavior; independent domestic alternative not qualified.
U13,SOURCED_PROTOTYPE_ELIGIBLE,TPS62901RPJR,C2864847,TI(德州仪器),11121,2026-10-10T14:19:40.021Z,6,1,6,True,2.82,https://item.szlcsc.com/3069524.html,https://www.ti.com/lit/ds/symlink/tps62901.pdf,KEEP,U13,,,,,,UNQUALIFIED,Exact existing manufacturer/MPN/package preserved. Safety/current acquisition/power control single-source exception justified by retaining proven pin map and behavior; independent domestic alternative not qualified.
U15,SOURCED_PROTOTYPE_ELIGIBLE,LM393LVDDFR,C5213974,TI(德州仪器),850,2026-10-10T15:12:30.623787+00:00,6,5,10,True,1.1026,https://item.szlcsc.com/5909713.html,https://www.ti.com/lit/ds/symlink/lm393lv.pdf,SELECTED_READY_FOR_PROTOTYPE,U15,,,,,,UNQUALIFIED,"{""oem"": ""https://www.ti.com/lit/ds/symlink/lm393lv.pdf"", ""local_oem"": ""/private/tmp/passive-oem/ti-lm393lv.pdf"", ""status"": ""SELECTED_READY_FOR_PROTOTYPE"", ""origin"": ""United States; parent-approved critical protection exception"", ""order_quantity"": 10, ""pin_map"": {""1"": ""OUT1"", ""2"": ""IN1-"", ""3"": ""IN1+"", ""4"": ""GND"", ""5"": ""IN2+"", ""6"": ""IN2-"", ""7"": ""OUT2"", ""8"": ""V+""}, ""application_connections"": {""1"": ""OCP_N"", ""2"": ""positive bus current sense"", ""3"": ""~1V threshold"", ""4"": ""GND"", ""5"": ""GND"", ""6"": ""~1V threshold"", ""7"": ""NC unused output"", ""8"": ""VA5_5.1V""}, ""oem_evidence"": {""section_6_4_1"": ""Open drain output pullup 0..5.5V independent V+; recommend 100uA..1mA pullup current."", ""section_6_4_2"": ""POR output Hi-Z below1.5V and up to30us startup delay."", ""section_6_4_3_2"": ""Inputs0..5.5V maintain high impedance with V+=0 or ramping."", ""section_6_4_5"": ""Unused inputs differential>=50mV; unused output may float."", ""section_6_4_6"": ""No internal hysteresis."", ""absolute_maximum"": ""Supply/input/output -0.3..6V relative GND."", ""recommended"": ""Supply1.65..5.5V; ambient-40..125C; input-0.1..5.6V, fault tolerance0..5.5V independent supply.""}, ""footprint"": {""file"": ""/private/tmp/BusOCP.pretty/TI_DDF0008A.kicad_mod"", ""native_generator"": ""/private/tmp/create_bus_comparator_land.py"", ""oem_drawing"": ""4222047/E 07/2024 datasheet p55-56"", ""pad_mm"": [1.05, 0.45], ""row_center_spacing_mm"": 2.6, ""pitch_mm"": 0.65, ""body_mm"": ""2.85..2.95 x1.55..1.65; height<=1.1"", ""note"": ""Native derivative TSOT-23-8 with OEM lands; generic footprint pads differed.""}}"
U18,SOURCED_PROTOTYPE_ELIGIBLE,LM74502DDFR,C3236215,TI(德州仪器),7222,2026-10-10T14:17:10.738Z,6,1,6,True,4.49,https://item.szlcsc.com/3799236.html,https://www.ti.com/lit/ds/symlink/lm74502.pdf,KEEP,U18,,,,,,UNQUALIFIED,Exact existing manufacturer/MPN/package preserved. Safety/current acquisition/power control single-source exception justified by retaining proven pin map and behavior; independent domestic alternative not qualified.
U19,SOURCED_PROTOTYPE_ELIGIBLE,TPD6E05U06RVZR,C962978,TI(德州仪器),77,2026-10-10T14:18:58.134Z,6,1,6,True,2.2,https://item.szlcsc.com/1046077.html,https://www.ti.com/lit/ds/symlink/tpd6e05u06.pdf,KEEP,U19,,,,,,UNQUALIFIED,Exact existing manufacturer/MPN/package preserved. Safety/current acquisition/power control single-source exception justified by retaining proven pin map and behavior; independent domestic alternative not qualified.
U20,SOURCED_PROTOTYPE_ELIGIBLE,SN74LVC1G74DCUR,C70285,TI(德州仪器),9510,2026-10-10T14:19:42.408Z,6,5,10,True,0.8892,https://item.szlcsc.com/71380.html,https://www.ti.com/lit/ds/symlink/sn74lvc1g74.pdf,KEEP,U20,,,,,,UNQUALIFIED,Exact existing manufacturer/MPN/package preserved. Safety/current acquisition/power control single-source exception justified by retaining proven pin map and behavior; independent domestic alternative not qualified.
U21,SOURCED_PROTOTYPE_ELIGIBLE,SN74LVC1G17DBVR,C7836,TI(德州仪器),5625,2026-10-10T14:18:57.844Z,6,5,10,True,0.5163,https://item.szlcsc.com/8313.html,https://www.ti.com/lit/ds/symlink/sn74lvc1g17.pdf,KEEP,U21,,,,,,UNQUALIFIED,Exact existing manufacturer/MPN/package preserved. Safety/current acquisition/power control single-source exception justified by retaining proven pin map and behavior; independent domestic alternative not qualified.
U22,SOURCED_PROTOTYPE_ELIGIBLE,SN74LVC1G14DBVR,C7835,TI(德州仪器),276780,2026-10-10T14:17:15.073Z,6,10,10,True,0.2,https://item.szlcsc.com/8312.html,https://www.ti.com/lit/ds/symlink/sn74lvc1g14.pdf,KEEP,U22,,,,,,UNQUALIFIED,Exact existing manufacturer/MPN/package preserved. Safety/current acquisition/power control single-source exception justified by retaining proven pin map and behavior; independent domestic alternative not qualified.
U24,SOURCED_PROTOTYPE_ELIGIBLE,TPS3808G33DBVR,C43698,TI(德州仪器),22325,2026-10-10T14:17:14.823Z,6,1,6,True,1.16,https://item.szlcsc.com/44691.html,https://www.ti.com/lit/ds/symlink/tps3808.pdf,KEEP,U24,,,,,,UNQUALIFIED,Exact existing manufacturer/MPN/package preserved. Safety/current acquisition/power control single-source exception justified by retaining proven pin map and behavior; independent domestic alternative not qualified.
U25,SOURCED_PROTOTYPE_ELIGIBLE,TPS389001DSER,C1509297,TI(德州仪器),331,2026-10-10T14:17:15.148Z,6,1,6,True,6.72,https://item.szlcsc.com/1600012.html,https://www.ti.com/lit/ds/symlink/tps3890.pdf,KEEP,U25,,,,,,UNQUALIFIED,Exact existing manufacturer/MPN/package preserved. Safety/current acquisition/power control single-source exception justified by retaining proven pin map and behavior; independent domestic alternative not qualified.
U26,SOURCED_PROTOTYPE_ELIGIBLE,SN74LVC3G17DCUR,C68245,TI(德州仪器),1262,2026-10-10T14:18:59.236Z,6,1,6,True,1.26,https://item.szlcsc.com/69347.html,https://www.ti.com/lit/ds/symlink/sn74lvc3g17.pdf,KEEP,U26,,,,,,UNQUALIFIED,Exact existing manufacturer/MPN/package preserved. Safety/current acquisition/power control single-source exception justified by retaining proven pin map and behavior; independent domestic alternative not qualified.
