v-sweep,v(hi),v(lo)
4.75,4.47058823529,0.279411764706
4.775,4.49411764706,0.280882352941
4.8,4.51764705882,0.282352941176
4.825,4.54117647059,0.283823529412
4.85,4.56470588235,0.285294117647
4.875,4.58823529412,0.286764705882
4.9,4.61176470588,0.288235294118
4.925,4.63529411765,0.289705882353
4.95,4.65882352941,0.291176470588
4.975,4.68235294118,0.292647058824
5,4.70588235294,0.294117647059
5.025,4.72941176471,0.295588235294
5.05,4.75294117647,0.297058823529
5.075,4.77647058824,0.298529411765
5.1,4.8,0.3
5.125,4.82352941176,0.301470588235
5.15,4.84705882353,0.302941176471
5.175,4.87058823529,0.304411764706
5.2,4.89411764706,0.305882352941
5.225,4.91764705882,0.307352941176
5.25,4.94117647059,0.308823529412
