id,severity,kind,stage,component,source,issue,evidence,risk,next_action,acceptance,status
S01,P0,已确认设计缺口,正式 layout 前关闭,U25/U6/U20/U11,ocp_latch / current_adc,ADC 模拟供电失效区仍可能允许 PWM,新网表：U25.5=VA_5V，U25.6=VIO_3V3；U25 为 TPS3808G50。ADS8588S AVDD 下限 4.75V；G50 全温保守下降阈值 4.557..4.743V，-40..85°C 为 4.58025..4.71975V。无独立 ADC_VALID 硬件许可。来源 [D1][D2]、qualification.json。,VA5 下降时 ADC 可先失去规定精度/功能，而 ARMED/RUN_OK 尚未保证关闭。独立模拟 OCP 的存在不能证明采样闭环仍正确。7mV 只是采用最早动作角点时的最小窗口，典型约100mV，不能当成最坏窗口。,优先设计覆盖 ADC 工作下限的硬件许可/监督，并把它纳入门控和故障锁存；阈值须计入检测误差、迟滞、纹波、下降速率和检测到 VGS 关闭的总时延，不直接照抄4.75V标称。,提供可满足“最迟关断时 ADC 仍有效”的最坏角点计算；新网表证明无效许可能异步关断并锁存。下降/上升、慢坡/快速跌落、随机上电次序和 CLEAR 竞争先做适用模型验证，样机再实测。,OPEN
S02,P1,已确认保护覆盖缺口,正式功率布局前确定保护架构,Q1..Q6/RSH1..3/F1,gate_inverter / power_input,相电流 OCP 不覆盖桥臂内部直通故障电流,U相：Q1.5=VBUS_PROT，Q1.1..3=Q2.5=SW_U，Q2.1..3=GND；RSH1 串在 SW_U 与 PH_U 间。V/W 同理。analysis.json 保存三条路径证明。,VBUS_PROT→上管→下管→GND 绕过相 shunt；正常命令互锁不覆盖 MOSFET 短路等故障。源端 F1 也不在板上 DC-link 电容局部放电路径中。此项不表示正常 PWM 必然直通。,编制电机过载、相线短路、上下管/门驱故障、母线短路覆盖矩阵；对必须覆盖的故障选定独立母线/器件电流检测和快速关断/能量限制方案。不能仅以 FPGA 死区或25A保险视为闭合；若依赖系统限能，须证明能约束板载电容及源侧能量。,每类故障列出被检测电流路径、执行器、最坏能量与允许器件应力；需要增加的检测/关断元件在功率铜和连接器布局前落实。样机破坏性短路试验不属于本次审计。,OPEN
S03,P1,已确认拓扑＋系统证据缺口,正式功率布局前确定方案；投板前完成额定验证,D1/U18/C1/C2/Q7/Q8,power_input,回馈吸收及正向过压保护未闭合,D1=SMCJ54A 且 dnp；U18.7(OV)=GND；C1+C2=200uF。LM74502 只做反接、无反向电流阻断，VS 推荐最高60V/绝对最高65V。spice/results.json：理想无吸收1A由48到55V需1.4ms。来源[D3]。,回馈或输入浪涌可能超过控制器/下游器件范围。200uF 不是已合格制动器；55V 是演示值，不是安全上限。即使把D1装上，也必须校验动态钳位电压、源端U18所处位置和能量。,冻结电源可回充能力、最大机械/感性能量及断电状态；优先明确系统回馈吸收/制动及源侧浪涌保护边界，再决定板载OV、钳位及预留接口。不能只把D1改成装配。,用实际能量、源阻抗和线缆寄生证明各节点低于其带裕量工作限值；钳位/制动元件能量、温升和故障状态有计算，拓扑和必要封装在功率布局前确定。,OPEN
S04,P1,动态资格缺口,布局冻结前有设计界限；样机功率试验前实测,U2..4/U15/U16/U26/U23/U20/U11/U8..10/U1/Q1..6,current_adc / ocp_latch / gate_inverter,全链路 OCP 延迟与 MOSFET SOA 未建立最坏界限,实际路径为 INA→47Ω/1nF→TLV9024开漏→U26→U23/U20→U11/U8..10→FD6288→MOSFET。531项回归仅稳态布尔行为。TLV9024速度典型值、FD6288 25°C/15V时序、Qg/峰值电流比均不能成为本工况全温保证。来源[D4][D5][D6][D7]。,高 di/dt 故障在关断前可能超过器件应力；相电流正好越阈值时的低过驱会影响延迟。数字32ns预算不是从故障发生到VGS关闭的上界。,按故障斜率、INA恢复、比较器过驱和开漏RC、逻辑负载、栅阻与温度建立分项预算；核对驱动器保证条件和MOS SOA，缺失保证值时留为未证明，不用典型值补齐。,布局前确定所需最短保护路径、测试点和寄生约束；冻结前有受约束的设计预算，样机低能量验证真实电流/OCP_N/六路VGS并校正预算。,OPEN
S05,P1,规格缺口,正式功率布局前关闭,整机/Q1..8/RSH1..3/J3/J4,system / design_calculations,峰值、10A定义、环境与散热尚未冻结,本次授权基线24..48V/20kHz/10A连续相电流；10Arms仅用于计算。未给出峰值及持续时间、最高环境、冷却/机壳、最大电机能量。,铜厚/铜面积、端子、shunt、MOSFET、保护阈值和制动设计无法得到一致最坏工况。不能沿用历史15A连续或25A/5s作为已确认要求。,形成唯一额定规格表并计算正常峰值、保护阈值、母线电流、热及能量包络。优先锁定会改变器件尺寸和功率布线的项目。,规格有可追溯确认；保护阈值在全部误差下高于允许工作电流且低于允许故障应力；热预算据此重算。,OPEN
S06,P1,选型资格缺口,关键封装/额定件在正式相关区域 layout 前；其余投板前,C1..4/C20..23/C30..31/CBOOT1..3/F2/NTC1..2/D2..4/J1/J2/J5及相关R,BOM / all sheets,120项 MPN 为 TBD，关键无源及接口额定条件未冻结,新系统网表159对象、BOM159行，值/封装/MPN字段无差异；120对象MPN缺失，包括外部J6及非关键被动件，不能把120全部算成电气错误。全部23颗IC、8颗MOSFET已有型号字段。component_inventory.csv可逐项筛选。,电容有效容量/ESR/纹波、分压电阻耐压/TCR、PTC动作与阻值、NTC曲线、二极管恢复和连接器额定值无法由名义值及通用封装证明。C3描述FILM但指向通用1210尤其需采购可实现性核验。,先冻结影响机械或安全的电容、bootstrap二极管/PTC/连接器及精密阈值电阻；普通电阻可按明确容差、功率、耐压、TCR的受控替代表管理，不强求每颗先指定唯一厂家。,关键器件准确订货码或受控规格可追溯，额定及DC偏压/温度降额满足计算，封装与采购实物一致；不得仅清空TBD字符串。,OPEN
S07,P1,应用资格缺口,正式驱动布局前完成设计计算；冻结前动态验证,U1/D2..4/CBOOT1..3/RG1..6/RGS1..6,gate_inverter,Bootstrap、最长高侧保持及死区未与实际工况配合,新网表D2..4 K1→BST，A2→12V，CBOOT=1uF跨BST/SW；RG=10Ω，RGS=10k。FD6288 V1.6 p4/10..14有自举、UVLO、互锁和死区条件；内部死区100..300ns为25°C/15V条件。资料[D6]为本地厂商缓存。,1uF标称不等于有效容量；高侧10k栅源电阻本身持续耗用bootstrap电荷，不能只算Qg。无刷新下不能保证无限期100%高侧导通；内部互锁不自动证明实际MOSFET交越安全。,用有效C、Qg、VGS/RGS、IQBS、漏电与二极管压降计算最低VBS、最大保持和最低刷新；定义预充、PWM最小脉宽/最大占空比及外部死区。复核ES1J准确型号和恢复；厂商偏好Schottky不等于ES1J必然错误。,最坏VBS及VGS同时满足驱动和MOS导通要求；时序预算覆盖真实温度/负载，预充和刷新协议写入接口要求；六路波形在样机低能量阶段验证。,OPEN
S08,P1,负载/稳压资格缺口,正式电源区域 layout 前完成预算；投板前验证,U12/U13/L1/L2/C20..31/J5/F2,aux_power / encoder,辅助电源拓扑正确，但全负载、启动及有效容量预算未闭合,LM5164外围与原厂12V/1A/300kHz示例同类；TPS62163为固定5V，FB接GND/VOS接5V。L1=MSS1246T-683MLC，L2=74438356022，5V还直接供编码器。来源[D8][D9][D14][D15]。,1A芯片额定不等于编码器可取1A；编码器短路/启动可拖低ADC/OCP电源。磁件热、电容DC偏压和启动时MOS栅极状态未被理想RC仿真覆盖。,分别预算12V门驱＋5V转换输入、5V ADC/INA/比较器＋编码器、VIO逻辑；纳入效率、浪涌及PTC慢动作。计算纹波/峰值并按真实电容和电感降额核验，必要时改变编码器供电隔离/限流策略。,三轨最坏负载有余量，最低输入/最高温度启动和阶跃满足电压窗口；编码器故障时硬件安全链满足S01/S09。,OPEN
S09,P1,电源时序资格缺口,正式相关区域 layout 前确定策略；样机前完成验证方案,VIO/VA5/VDRV/U12/U13/U24..26/U6/U1,aux_power / ocp_latch / current_adc,部分供电、PGOOD高阻及欠压时的关断/恢复尚无完整证明,U24/U25均由VIO供电，U25检测VA5；两个buck的开漏PG并网并由VIO上拉。TPS62163关断时PG可高阻。三域八种稳态要求列在power_domain_matrix.csv；全供电仍须健康且有新CLEAR沿。来源[D1][D2][D9]。,PG高并不单独证明所有模拟域有效；电容残压、短暂掉电及重新恢复可能与锁存状态竞争。Ioff能力或下拉电阻不能替代所有坡形/残压条件的证明。,枚举八稳态、六上电/六掉电顺序及毛刺；分析PG关闭条件、残压、门驱UVLO、ADC数字/模拟供电约束和引脚灌电；必要联锁变更在相关区域布局前落实。,模型/静态分析清楚区分能证明与未知的组合；任何不允许域组合下六路驱动为低，恢复不自动重新武装。样机测试覆盖真实坡形、极短失电及CLEAR相位。,OPEN
S10,P1,接口/电源预算缺口,接口布局冻结前；实板连续性在连接前,J1/J2/AX7010/U7/U24,ax7010_interface / XDC,VIO最低值、负载余量与线缆条件未资格化,新网表J1.1/.37/.38=GND，.2=NC，.39/.40=VIO；3..24活跃脚与官方J10表和XDC一致。G33全温保守释放约3.194V。AM26LV32E要求VCC≥3.0V。ALINX公开V2图纸日期2018，不能当成2022实板连续性记录。来源[D1][D10][D16]。,VIO线缆压降及动态负载可能使监督器不释放或接收器离开规格；信号返回、线缆方向及FPGA位流引脚冲突未实测。,确定线缆、方向/防反插、实际AX7010电源可用电流和最小端电压，计算所有VIO负载及逻辑电平裕量；实物逐针确认并按实际Vivado工程核查占用。,最坏VIO满足监督恢复、接收器和逻辑条件；J10接线/Bank电压可追溯。接口文档/XDC/实板三者一致，不能把预留XDC端口视为已接线。,OPEN
S11,P1,接口适配资格缺口,正式编码器区域 layout 前确定电气边界,U7/U19/J5/F2/RT1..3,encoder,ESD阵列的工作范围未与编码器共模、端接和供电协调,U19 RVZ14脚序现已正确：IO=14/13/12/11/9/8，GND=5/10。TPD6E05U06建议IO为0..5.5V，AM26LV32E接收共模可达-7..+7V；实际编码器/线缆未知。RT1..3=120Ω DNP，SHIELD脚NC，F2无准确型号。来源[D10][D11]。,接收器共模能力不能移植到整个带ESD的端口；超出阵列范围时可能钳位或失真。端接、地偏移和编码器电源短路影响也未定。不能据此断言当前5V编码器一定不能工作。,冻结编码器电平/最大频率、共模/地偏移、线缆阻抗和长度；按该包络选择保护、端接装配及屏蔽连接。为F2选定保持/动作电流及热阻曲线，核验共享5V故障行为。,端口内每颗器件均覆盖正常/故障电压包络；末端120Ω的装配策略和屏蔽/机壳回路有定义，原理图及BOM同步。,OPEN
S12,P1,已确认功能定义缺口,正式相关区域 layout 前确定,NTC2/R71/U6.59,current_adc / architecture,NTC_MOTOR当前没有外部电机测温接口,NTC_MOTOR只连接R71.2、NTC2.1、U6.59；NTC2为板载0603，所有外部连接器均无该网。架构称CH6为motor/connector NTC。physical_pins.csv与新图面第5页。,当前只能测板载NTC2所在位置温度，不能证明测得电机绕组温度；软件命名可能形成错误保护预期。,若需要电机外置NTC，增加明确连接器/回流、线缆滤波和ESD、开短路诊断并选定传感器；若只测板/端子温度，则明确收窄功能并更名，不能保留“电机测温已实现”表述。,测温对象、物理安装位置、接口和BOM一致；外部方案有开路/短路/热插拔的ADC与保护测试。,OPEN
S13,P1,封装装配资格缺口,相关器件布线冻结前,U1/U2..4/U6/U12/U13/U18/U19/Q1..8/RSH1..3/J3/J4,symbols / footprints / PCB,物理引脚一致性通过，但全部关键land pattern尚未完成装配验收,23颗IC型号及关键引脚人工对照厂商资料；所有嵌入与本地库pin-name/type/number无差异。26个关键封装已只读提取。J3/J4为9.52mm节距/1.3mm钻孔；shunt为25.4×6.35mm/2.6mm钻孔，H1孔3.2mm。见board_geometry.json。,同名封装、引脚编号相同不能证明焊盘、阻焊/钢网、引脚公差和装配空间完全合格；多处采用通用KiCad IPC焊盘而非原厂样例。,对准确订货码逐一签核外形、pin1、EP、焊盘、阻焊/钢网和工艺公差；大端子/shunt核验壳体、钻孔和实物装配。保留已正确的映射，不重新赋占位封装。,每类关键封装有尺寸对照、可制造性和装配责任确认；本地shunt/端子有样件或公差链支持，布局保留维修、线束和紧固空间。,OPEN
S14,P1,已确认PCB基线缺陷,正式新增布线前清理；最终DRC在投板前关闭,20条遗留铜线/5个zone/全板,PCB,旧铜线仍造成真实跨网短路，不能在该状态上直接继续布线,新原生DRC：271条=220错误/51警告，478未连接，parity0。分组：clearance113、solder_mask_bridge88、isolated_copper43、shorting_items17、track_dangling8、tracks_crossing2。旧线仍有VBUS/PGND/U_SH_N等旧网名。,图板焊盘parity0仅说明预期分配一致，不会消除实际跨网铜短路。现有板不能上电；普通布局移动也不能被视为这些铜已合格。,另开PCB修复任务，先保存板快照及机械特征，逐条追踪20条旧线及5个zone，批准后重建失效铜，保留正确网络与机械对象；不得无记录清空所有铜或用排除项消数。,旧网铜和17条短路报告逐项闭环后再开始正式新布线；完成板最终要求原生DRC/未连接/parity均0，且没有新增掩盖性忽略。,OPEN
S15,P2,已确认装配信息不一致,BOM/接口冻结前,J2,ax7010_interface / BOM,J2图面写DNP，但原生属性与BOM为装配,第3页标注“J2 unused expansion (DNP)”；新XML无J2 dnp属性，BOM状态Fitted，真实DNP列表只有D1/R32/RT1..3。,装配和线缆使用可能与说明不一致；J2电源/地仍连接，不能把图中文字当成有效DNP。,统一J2是否装配的政策，在原生dnp属性、BOM和注释中保持一致；若装配，注明信号当前NC及电源连接。,新独立BOM/XML/图面三者一致，并保留未使用信号的真实NC状态。,OPEN
S16,P2,已确认文档版本漂移,layout交接前,顶层/电源页标题栏及旧报告,schematic annotations / historical docs,旧15..55V、15A/25A等叙述仍混在当前工程中,新图第1页注释仍为48V nominal;15..55V full-function，第2页仍15..55V design window；旧封装报告仍写15A连续/25A短峰值。当前授权24..48V/10A。,布局和后续修复可能按过时包络选件或以55V作为允许值；这不代表连接图本身已改变。,后续单独修订当前有效注释和文档基线；历史记录保留但加明确被替代说明，禁止把历史证据改写成新执行结果。,设计输入只有一套现行规格；计算示例越界电压与允许工作电压明确区分。,OPEN
S17,P2,已确认辅助工具误报,审计工具修复；不阻塞电气layout,board_parity_audit.py / F1/J6,static audit,辅助静态审计未识别off-board属性,static_parity exit2仅将外置F1/J6列为缺板/缺封装；二者XML明确exclude_from_board且非DNP。原生板级网表157元件/166网、逐焊盘和原生parity通过。,误导后续修复者给外置保险和源端子添加板上占位封装。,为工具增加off-board识别及聚焦回归，仍保留真正板载缺失的检测；本报告人工解释，不改结果或忽略检查。,当前原始XML应不再误报F1/J6；删掉真正板载器件的mutation仍失败。,OPEN
S18,P2,已确认派生证据描述错误,审计工具修复；不阻塞电气layout,gate_ab_verify.py/qualification.json,derived evidence,corner_basis把INA REF1/REF2文字写反,qualification.json文字为REF2=VA5;REF1=GND，实际新网表U2..4.7(REF1)=VA5、.3(REF2)=GND。对当前对称VA5/2公式数值无影响。,可能诱导后续错误改线；派生报告文字不能覆盖原生物理引脚证据。,后续修正描述并加入实际pin7/pin3对应回归；无需为使文字“正确”而交换原理图参考引脚。,新派生证据文字与物理网表一致，原有数值回归保持通过。,OPEN
S19,P1,继承规则/布局资格缺口,布局冻结前审定；投板前全部闭合,project rules / PCB,ERC / DRC configuration,继承忽略项及电流/间距规则需显式审核,本轮ERC报告有4类ignored_checks，DRC有5类，逐项见报告第3节；exclusions为0并不等于没有忽略。当前POWER类间距0.8mm/线宽3mm是设计设定，不是10Arms温升或特定绝缘等级证据。,默认或继承规则可漏掉封装/工艺问题；3mm标称线宽不能替代铜厚、铺铜、过孔和接触电阻计算。,按实际板厂能力、电压污染环境和额定电流审核有效规则、所有忽略类型，建立功率铜/模拟/门极/边缘/阻焊约束；不降低严重级别获取PASS。,规则及每项继承忽略有批准理由，关键封装类型/过滤器/庭院完成独立检查；热和间距计算可追溯。,OPEN
S20,P1,采样/控制时序资格缺口,布局冻结前确定接口时序；样机验证,U2..4/U6/R40..42/C40..42/FPGA,current_adc / XDC,电流链采样窗口、抗混叠和复位时序未闭合,三路RC仅47ns/3.386MHz，20kHz衰减约0.0001515dB；ADC±5V量程、双DOUT及模式静态正确。项目没有本次可综合验证的伺服HDL/Vivado时序报告。来源[D2][D4]。,无法由20kHz PWM直接推出采样精度、闭环延迟和PWM边沿避让合格；修改共用RC也会改变OCP响应。,定义采样率、PWM同步/禁采窗口、SCLK/CS边沿、BUSY握手、上电RESET及失效数据策略；评估INA共模恢复、ADC驱动/建立和线缆传播，再决定滤波。,提供完整时序预算与驱动/滤波依据，软件/HDL按接口合同实现；布局预留测量点，样机校准增益/偏置及PWM动态误差。,OPEN
S21,P1,系统保护配合缺口,正式输入功率布局前确定边界；功率上电前验证,F1/holder/J3/源及线束,power_input / system,25A外置保险尚未按现行10A目标完成配合,准确型号KLKD025.T及座LPSM0001Z已记录，外置身份正确；历史选择依据涉及15A/25A，不能直接作为当前母线电流/短路证明。源端保险不限制本地0.2304J标称电容能量。,相电流不等于母线电流；保险分断能力、I²t和动作时间未与源、线缆、MOS应力及启动冲击匹配。不能因此直接把保险改成10A。,按实际母线电流、预期故障电流、线缆、环境和浪涌重做保险配合，必要时调整保险/限流/预充及系统接线要求；保持源端就近保护原则。,记录厂家曲线版本、源参数和配合计算，正常启动不误断、线缆故障能受控切除；局部桥臂保护另按S02/S04闭合。,OPEN
