time,v(filtered)
1e-14,3.299999967e-10
1.84848486545e-14,8.47575762187e-10
3.54545459636e-14,2.3578788145e-09
6.93939405818e-14,8.22939399882e-09
1.21092368807e-13,2.44783337633e-08
2.24489225258e-13,8.34362114658e-08
4.3128293816e-13,3.07191945886e-07
7.1564146908e-13,8.45319052229e-07
1e-12,1.65028322217e-06
1.00179031572e-12,1.65619126109e-06
1.00537094717e-12,1.66800733893e-06
1.01253221007e-12,1.69163949447e-06
1.02685473587e-12,1.73890380504e-06
1.05549978747e-12,1.83343242415e-06
1.11278989067e-12,2.02248965426e-06
1.22737009707e-12,2.40060408197e-06
1.45653050987e-12,3.15683280743e-06
1.91485133546e-12,4.66928973845e-06
2.83149298665e-12,7.69420152092e-06
4.66477628902e-12,1.37440167676e-05
8.33134289377e-12,2.58436139879e-05
1.56644761033e-11,5.00426753371e-05
3.03307425222e-11,9.84402656746e-05
5.96632753602e-11,0.000195233316945
1.18328341036e-10,0.000388810902179
2.35658472388e-10,0.000775932005921
4.70318735092e-10,0.00155003796648
9.39639260499e-10,0.00309770505973
1.87828031131e-09,0.00619086121261
3.75556241294e-09,0.0123684715963
6.87778120647e-09,0.0226171771899
1e-08,0.0328339339579
1.04098513744e-08,0.0341724378728
1.12295541232e-08,0.0368483489768
1.28689596209e-08,0.0421935962193
1.61477706162e-08,0.0528578446491
2.27053926068e-08,0.0740817861608
3.27053926068e-08,0.106180474856
4.27053926068e-08,0.137959773613
5.27053926068e-08,0.169422860443
6.27053926068e-08,0.200572881732
7.27053926068e-08,0.231412952561
8.27053926068e-08,0.261946157013
9.27053926068e-08,0.292175548485
1.02705392607e-07,0.322104149993
1.12705392607e-07,0.351734954471
1.22705392607e-07,0.381070925073
1.32705392607e-07,0.41011499547
1.42705392607e-07,0.438870070142
1.52705392607e-07,0.467339024668
1.62705392607e-07,0.495524706015
1.72705392607e-07,0.523429932821
1.82705392607e-07,0.551057495678
1.92705392607e-07,0.578410157413
2.02705392607e-07,0.605490653359
2.12705392607e-07,0.632301691634
2.22705392607e-07,0.658845953409
2.32705392607e-07,0.685126093176
2.42705392607e-07,0.711144739015
2.52705392607e-07,0.736904492855
2.62705392607e-07,0.762407930737
2.72705392607e-07,0.787657603068
2.82705392607e-07,0.812656034879
2.92705392607e-07,0.837405726074
3.02705392607e-07,0.861909151685
3.12705392607e-07,0.886168762116
3.22705392607e-07,0.910186983389
3.32705392607e-07,0.933966217385
3.42705392607e-07,0.957508842087
3.52705392607e-07,0.980817211818
3.62705392607e-07,1.00389365747
3.72705392607e-07,1.02674048675
3.82705392607e-07,1.04935998439
3.92705392607e-07,1.07175441241
4.02705392607e-07,1.0939260103
4.12705392607e-07,1.11587699527
4.22705392607e-07,1.13760956248
4.32705392607e-07,1.15912588524
4.42705392607e-07,1.18042811524
4.52705392607e-07,1.20151838275
4.62705392607e-07,1.22239879685
4.72705392607e-07,1.24307144564
4.82705392607e-07,1.26353839643
4.92705392607e-07,1.28380169597
5.02705392607e-07,1.30386337063
5.12705392607e-07,1.32372542665
5.22705392607e-07,1.34338985026
5.32705392607e-07,1.36285860797
5.42705392607e-07,1.3821336467
5.52705392607e-07,1.40121689399
5.62705392607e-07,1.42011025823
5.72705392607e-07,1.4388156288
5.82705392607e-07,1.45733487627
5.92705392607e-07,1.47566985263
6.02705392607e-07,1.49382239141
6.12705392607e-07,1.51179430791
6.22705392607e-07,1.52958739938
6.32705392607e-07,1.54720344515
6.42705392607e-07,1.56464420689
6.52705392607e-07,1.58191142871
6.62705392607e-07,1.59900683738
6.72705392607e-07,1.61593214248
6.82705392607e-07,1.63268903659
6.92705392607e-07,1.64927919543
7.02705392607e-07,1.66570427806
7.12705392607e-07,1.68196592704
7.22705392607e-07,1.69806576856
7.32705392607e-07,1.71400541265
7.42705392607e-07,1.72978645332
7.52705392607e-07,1.74541046871
7.62705392607e-07,1.76087902126
7.72705392607e-07,1.77619365787
7.82705392607e-07,1.79135591003
7.92705392607e-07,1.80636729401
8.02705392607e-07,1.82122931098
8.12705392607e-07,1.83594344719
8.22705392607e-07,1.85051117408
8.32705392607e-07,1.86493394847
8.42705392607e-07,1.87921321267
8.52705392607e-07,1.89335039463
8.62705392607e-07,1.90734690812
8.72705392607e-07,1.92120415281
8.82705392607e-07,1.93492351448
8.92705392607e-07,1.94850636508
9.02705392607e-07,1.96195406294
9.12705392607e-07,1.97526795286
9.22705392607e-07,1.98844936626
9.32705392607e-07,2.00149962132
9.42705392607e-07,2.0144200231
9.52705392607e-07,2.02721186367
9.62705392607e-07,2.03987642224
9.72705392607e-07,2.0524149653
9.82705392607e-07,2.06482874674
9.92705392607e-07,2.07711900797
1.00270539261e-06,2.08928697804
1.01270539261e-06,2.10133387378
1.02270539261e-06,2.11326089991
1.03270539261e-06,2.12506924916
1.04270539261e-06,2.13676010241
1.05270539261e-06,2.14833462875
1.06270539261e-06,2.15979398568
1.07270539261e-06,2.17113931915
1.08270539261e-06,2.18237176374
1.09270539261e-06,2.19349244271
1.10270539261e-06,2.20450246815
1.11270539261e-06,2.21540294111
1.12270539261e-06,2.22619495164
1.13270539261e-06,2.23687957899
1.14270539261e-06,2.24745789164
1.15270539261e-06,2.25793094744
1.16270539261e-06,2.26829979374
1.17270539261e-06,2.27856546743
1.18270539261e-06,2.28872899512
1.19270539261e-06,2.29879139318
1.20270539261e-06,2.30875366787
1.21270539261e-06,2.31861681545
1.22270539261e-06,2.32838182227
1.23270539261e-06,2.33804966483
1.24270539261e-06,2.34762130996
1.25270539261e-06,2.35709771483
1.26270539261e-06,2.36647982712
1.27270539261e-06,2.37576858506
1.28270539261e-06,2.38496491755
1.29270539261e-06,2.39406974424
1.30270539261e-06,2.40308397564
1.31270539261e-06,2.4120085132
1.32270539261e-06,2.42084424938
1.33270539261e-06,2.4295920678
1.34270539261e-06,2.43825284324
1.35270539261e-06,2.44682744182
1.36270539261e-06,2.455316721
1.37270539261e-06,2.46372152975
1.38270539261e-06,2.47204270856
1.39270539261e-06,2.48028108957
1.40270539261e-06,2.48843749664
1.41270539261e-06,2.49651274543
1.42270539261e-06,2.50450764348
1.43270539261e-06,2.51242299031
1.44270539261e-06,2.52025957747
1.45270539261e-06,2.52801818864
1.46270539261e-06,2.5356995997
1.47270539261e-06,2.54330457881
1.48270539261e-06,2.55083388648
1.49270539261e-06,2.55828827567
1.50270539261e-06,2.56566849183
1.51270539261e-06,2.57297527301
1.52270539261e-06,2.58020934989
1.53270539261e-06,2.58737144592
1.54270539261e-06,2.5944622773
1.55270539261e-06,2.60148255315
1.56270539261e-06,2.6084329755
1.57270539261e-06,2.61531423943
1.58270539261e-06,2.62212703307
1.59270539261e-06,2.62887203771
1.60270539261e-06,2.63554992788
1.61270539261e-06,2.64216137139
1.62270539261e-06,2.64870702938
1.63270539261e-06,2.65518755646
1.64270539261e-06,2.66160360067
1.65270539261e-06,2.66795580365
1.66270539261e-06,2.67424480063
1.67270539261e-06,2.68047122052
1.68270539261e-06,2.68663568599
1.69270539261e-06,2.69273881349
1.70270539261e-06,2.69878121336
1.71270539261e-06,2.70476348984
1.72270539261e-06,2.71068624119
1.73270539261e-06,2.71655005968
1.74270539261e-06,2.72235553172
1.75270539261e-06,2.72810323788
1.76270539261e-06,2.73379375292
1.77270539261e-06,2.73942764593
1.78270539261e-06,2.7450054803
1.79270539261e-06,2.75052781383
1.80270539261e-06,2.75599519876
1.81270539261e-06,2.76140818186
1.82270539261e-06,2.76676730443
1.83270539261e-06,2.77207310239
1.84270539261e-06,2.77732610635
1.85270539261e-06,2.78252684161
1.86270539261e-06,2.78767582826
1.87270539261e-06,2.79277358121
1.88270539261e-06,2.79782061026
1.89270539261e-06,2.80281742011
1.90270539261e-06,2.80776451045
1.91270539261e-06,2.81266237602
1.92270539261e-06,2.81751150661
1.93270539261e-06,2.82231238714
1.94270539261e-06,2.82706549771
1.95270539261e-06,2.83177131366
1.96270539261e-06,2.83643030556
1.97270539261e-06,2.84104293934
1.98270539261e-06,2.84560967626
1.99270539261e-06,2.85013097301
2.00270539261e-06,2.85460728174
2.01270539261e-06,2.85903905008
2.02270539261e-06,2.86342672122
2.03270539261e-06,2.86777073395
2.04270539261e-06,2.87207152266
2.05270539261e-06,2.87632951746
2.06270539261e-06,2.88054514416
2.07270539261e-06,2.88471882431
2.08270539261e-06,2.88885097531
2.09270539261e-06,2.89294201039
2.10270539261e-06,2.89699233864
2.11270539261e-06,2.90100236512
2.12270539261e-06,2.90497249084
2.13270539261e-06,2.90890311282
2.14270539261e-06,2.91279462414
2.15270539261e-06,2.91664741395
2.16270539261e-06,2.92046186754
2.17270539261e-06,2.92423836637
2.18270539261e-06,2.9279772881
2.19270539261e-06,2.93167900663
2.20270539261e-06,2.93534389213
2.21270539261e-06,2.93897231112
2.22270539261e-06,2.94256462643
2.23270539261e-06,2.94612119731
2.24270539261e-06,2.94964237943
2.25270539261e-06,2.9531285249
2.26270539261e-06,2.95657998237
2.27270539261e-06,2.95999709697
2.28270539261e-06,2.96338021043
2.29270539261e-06,2.96672966108
2.30270539261e-06,2.97004578385
2.31270539261e-06,2.97332891038
2.32270539261e-06,2.97657936898
2.33270539261e-06,2.97979748472
2.34270539261e-06,2.98298357939
2.35270539261e-06,2.98613797164
2.36270539261e-06,2.9892609769
2.37270539261e-06,2.99235290748
2.38270539261e-06,2.99541407257
2.39270539261e-06,2.99844477832
2.40270539261e-06,3.00144532779
2.41270539261e-06,3.00441602105
2.42270539261e-06,3.00735715516
2.43270539261e-06,3.01026902427
2.44270539261e-06,3.01315191955
2.45270539261e-06,3.0160061293
2.46270539261e-06,3.01883193896
2.47270539261e-06,3.02162963111
2.48270539261e-06,3.02439948553
2.49270539261e-06,3.02714177921
2.50270539261e-06,3.02985678638
2.51270539261e-06,3.03254477855
2.52270539261e-06,3.03520602454
2.53270539261e-06,3.03784079046
2.54270539261e-06,3.04044933981
2.55270539261e-06,3.04303193344
2.56270539261e-06,3.04558882963
2.57270539261e-06,3.04812028406
2.58270539261e-06,3.05062654989
2.59270539261e-06,3.05310787775
2.60270539261e-06,3.05556451579
2.61270539261e-06,3.05799670966
2.62270539261e-06,3.0604047026
2.63270539261e-06,3.06278873541
2.64270539261e-06,3.0651490465
2.65270539261e-06,3.06748587191
2.66270539261e-06,3.06979944532
2.67270539261e-06,3.0720899981
2.68270539261e-06,3.07435775932
2.69270539261e-06,3.07660295574
2.70270539261e-06,3.0788258119
2.71270539261e-06,3.08102655009
2.72270539261e-06,3.08320539039
2.73270539261e-06,3.08536255068
2.74270539261e-06,3.0874982467
2.75270539261e-06,3.089612692
2.76270539261e-06,3.09170609805
2.77270539261e-06,3.09377867419
2.78270539261e-06,3.09583062768
2.79270539261e-06,3.09786216373
2.80270539261e-06,3.09987348548
2.81270539261e-06,3.10186479408
2.82270539261e-06,3.10383628867
2.83270539261e-06,3.10578816639
2.84270539261e-06,3.10772062245
2.85270539261e-06,3.10963385009
2.86270539261e-06,3.11152804063
2.87270539261e-06,3.11340338351
2.88270539261e-06,3.11526006626
2.89270539261e-06,3.11709827456
2.90270539261e-06,3.11891819222
2.91270539261e-06,3.12072000126
2.92270539261e-06,3.12250388184
2.93270539261e-06,3.12427001237
2.94270539261e-06,3.12601856946
2.95270539261e-06,3.12774972797
2.96270539261e-06,3.12946366103
2.97270539261e-06,3.13116054002
2.98270539261e-06,3.13284053465
2.99270539261e-06,3.13450381291
3.00270539261e-06,3.13615054114
3.01270539261e-06,3.13778088402
3.02270539261e-06,3.13939500457
3.03270539261e-06,3.14099306423
3.04270539261e-06,3.14257522279
3.05270539261e-06,3.14414163849
3.06270539261e-06,3.14569246796
3.07270539261e-06,3.14722786628
3.08270539261e-06,3.14874798702
3.09270539261e-06,3.15025298217
3.10270539261e-06,3.15174300225
3.11270539261e-06,3.15321819626
3.12270539261e-06,3.15467871172
3.13270539261e-06,3.15612469469
3.14270539261e-06,3.15755628976
3.15270539261e-06,3.15897364011
3.16270539261e-06,3.16037688748
3.17270539261e-06,3.16176617218
3.18270539261e-06,3.16314163315
3.19270539261e-06,3.16450340795
3.20270539261e-06,3.16585163274
3.21270539261e-06,3.16718644237
3.22270539261e-06,3.1685079703
3.23270539261e-06,3.16981634871
3.24270539261e-06,3.17111170842
3.25270539261e-06,3.17239417899
3.26270539261e-06,3.17366388865
3.27270539261e-06,3.17492096438
3.28270539261e-06,3.1761655319
3.29270539261e-06,3.17739771566
3.30270539261e-06,3.17861763889
3.31270539261e-06,3.17982542358
3.32270539261e-06,3.18102119051
3.33270539261e-06,3.18220505926
3.34270539261e-06,3.18337714822
3.35270539261e-06,3.18453757461
3.36270539261e-06,3.18568645446
3.37270539261e-06,3.18682390268
3.38270539261e-06,3.187950033
3.39270539261e-06,3.18906495804
3.40270539261e-06,3.19016878931
3.41270539261e-06,3.19126163717
3.42270539261e-06,3.19234361093
3.43270539261e-06,3.19341481878
3.44270539261e-06,3.19447536785
3.45270539261e-06,3.19552536419
3.46270539261e-06,3.19656491281
3.47270539261e-06,3.19759411765
3.48270539261e-06,3.19861308166
3.49270539261e-06,3.19962190672
3.50270539261e-06,3.20062069371
3.51270539261e-06,3.20160954253
3.52270539261e-06,3.20258855206
3.53270539261e-06,3.2035578202
3.54270539261e-06,3.20451744388
3.55270539261e-06,3.20546751906
3.56270539261e-06,3.20640814076
3.57270539261e-06,3.20733940304
3.58270539261e-06,3.20826139903
3.59270539261e-06,3.20917422093
3.60270539261e-06,3.21007796003
3.61270539261e-06,3.2109727067
3.62270539261e-06,3.21185855041
3.63270539261e-06,3.21273557976
3.64270539261e-06,3.21360388245
3.65270539261e-06,3.21446354531
3.66270539261e-06,3.21531465431
3.67270539261e-06,3.21615729457
3.68270539261e-06,3.21699155034
3.69270539261e-06,3.21781750507
3.70270539261e-06,3.21863524133
3.71270539261e-06,3.21944484092
3.72270539261e-06,3.22024638479
3.73270539261e-06,3.2210399531
3.74270539261e-06,3.22182562521
3.75270539261e-06,3.22260347969
3.76270539261e-06,3.22337359432
3.77270539261e-06,3.22413604612
3.78270539261e-06,3.22489091133
3.79270539261e-06,3.22563826544
3.80270539261e-06,3.2263781832
3.81270539261e-06,3.22711073859
3.82270539261e-06,3.22783600488
3.83270539261e-06,3.22855405458
3.84270539261e-06,3.22926495951
3.85270539261e-06,3.22996879076
3.86270539261e-06,3.23066561871
3.87270539261e-06,3.23135551305
3.88270539261e-06,3.23203854277
3.89270539261e-06,3.23271477618
3.90270539261e-06,3.23338428089
3.91270539261e-06,3.23404712387
3.92270539261e-06,3.23470337139
3.93270539261e-06,3.23535308909
3.94270539261e-06,3.23599634193
3.95270539261e-06,3.23663319425
3.96270539261e-06,3.23726370973
3.97270539261e-06,3.23788795143
3.98270539261e-06,3.23850598176
3.99270539261e-06,3.23911786254
4.00270539261e-06,3.23972365495
4.01270539261e-06,3.24032341958
4.02270539261e-06,3.2409172164
4.03270539261e-06,3.24150510479
4.04270539261e-06,3.24208714355
4.05270539261e-06,3.24266339088
4.06270539261e-06,3.2432339044
4.07270539261e-06,3.24379874118
4.08270539261e-06,3.24435795768
4.09270539261e-06,3.24491160984
4.10270539261e-06,3.24545975303
4.11270539261e-06,3.24600244205
4.12270539261e-06,3.24653973119
4.13270539261e-06,3.24707167416
4.14270539261e-06,3.24759832417
4.15270539261e-06,3.24811973388
4.16270539261e-06,3.24863595543
4.17270539261e-06,3.24914704045
4.18270539261e-06,3.24965304005
4.19270539261e-06,3.25015400483
4.20270539261e-06,3.25064998488
4.21270539261e-06,3.2511410298
4.22270539261e-06,3.25162718871
4.23270539261e-06,3.25210851022
4.24270539261e-06,3.25258504245
4.25270539261e-06,3.25305683308
4.26270539261e-06,3.25352392926
4.27270539261e-06,3.25398637773
4.28270539261e-06,3.25444422472
4.29270539261e-06,3.25489751601
4.30270539261e-06,3.25534629695
4.31270539261e-06,3.2557906124
4.32270539261e-06,3.25623050681
4.33270539261e-06,3.25666602415
4.34270539261e-06,3.25709720799
4.35270539261e-06,3.25752410144
4.36270539261e-06,3.2579467472
4.37270539261e-06,3.25836518753
4.38270539261e-06,3.25877946427
4.39270539261e-06,3.25918961885
4.40270539261e-06,3.2595956923
4.41270539261e-06,3.25999772521
4.42270539261e-06,3.26039575779
4.43270539261e-06,3.26078982985
4.44270539261e-06,3.2611799808
4.45270539261e-06,3.26156624965
4.46270539261e-06,3.26194867503
4.47270539261e-06,3.26232729517
4.48270539261e-06,3.26270214796
4.49270539261e-06,3.26307327087
4.50270539261e-06,3.26344070101
4.51270539261e-06,3.26380447513
4.52270539261e-06,3.2641646296
4.53270539261e-06,3.26452120045
4.54270539261e-06,3.26487422333
4.55270539261e-06,3.26522373355
4.56270539261e-06,3.26556976605
4.57270539261e-06,3.26591235544
4.58270539261e-06,3.26625153599
4.59270539261e-06,3.2665873416
4.60270539261e-06,3.26691980586
4.61270539261e-06,3.26724896202
4.62270539261e-06,3.267574843
4.63270539261e-06,3.26789748137
4.64270539261e-06,3.26821690942
4.65270539261e-06,3.26853315908
4.66270539261e-06,3.26884626197
4.67270539261e-06,3.26915624942
4.68270539261e-06,3.26946315241
4.69270539261e-06,3.26976700164
4.70270539261e-06,3.27006782749
4.71270539261e-06,3.27036566005
4.72270539261e-06,3.27066052911
4.73270539261e-06,3.27095246414
4.74270539261e-06,3.27124149435
4.75270539261e-06,3.27152764863
4.76270539261e-06,3.27181095561
4.77270539261e-06,3.27209144362
4.78270539261e-06,3.27236914069
4.79270539261e-06,3.27264407462
4.80270539261e-06,3.27291627288
4.81270539261e-06,3.2731857627
4.82270539261e-06,3.27345257103
4.83270539261e-06,3.27371672456
4.84270539261e-06,3.27397824968
4.85270539261e-06,3.27423717257
4.86270539261e-06,3.27449351911
4.87270539261e-06,3.27474731494
4.88270539261e-06,3.27499858544
4.89270539261e-06,3.27524735574
4.90270539261e-06,3.2754936507
4.91270539261e-06,3.27573749498
4.92270539261e-06,3.27597891294
4.93270539261e-06,3.27621792873
4.94270539261e-06,3.27645456625
4.95270539261e-06,3.27668884918
4.96270539261e-06,3.27692080093
4.97270539261e-06,3.2771504447
4.98270539261e-06,3.27737780346
4.99270539261e-06,3.27760289994
5.00270539261e-06,3.27782575666
5.01270539261e-06,3.27804639589
5.02270539261e-06,3.27826483972
5.03270539261e-06,3.27848110997
5.04270539261e-06,3.27869522828
5.05270539261e-06,3.27890721605
5.06270539261e-06,3.2791170945
5.07270539261e-06,3.27932488461
5.08270539261e-06,3.27953060715
5.09270539261e-06,3.2797342827
5.10270539261e-06,3.27993593163
5.11270539261e-06,3.2801355741
5.12270539261e-06,3.28033323008
5.13270539261e-06,3.28052891933
5.14270539261e-06,3.28072266143
5.15270539261e-06,3.28091447574
5.16270539261e-06,3.28110438145
5.17270539261e-06,3.28129239756
5.18270539261e-06,3.28147854286
5.19270539261e-06,3.28166283596
5.20270539261e-06,3.28184529531
5.21270539261e-06,3.28202593913
5.22270539261e-06,3.28220478551
5.23270539261e-06,3.28238185232
5.24270539261e-06,3.28255715727
5.25270539261e-06,3.2827307179
5.26270539261e-06,3.28290255155
5.27270539261e-06,3.28307267542
5.28270539261e-06,3.28324110651
5.29270539261e-06,3.28340786167
5.30270539261e-06,3.28357295757
5.31270539261e-06,3.28373641073
5.32270539261e-06,3.28389823749
5.33270539261e-06,3.28405845403
5.34270539261e-06,3.28421707638
5.35270539261e-06,3.28437412039
5.36270539261e-06,3.28452960178
5.37270539261e-06,3.28468353609
5.38270539261e-06,3.28483593872
5.39270539261e-06,3.2849868249
5.40270539261e-06,3.28513620973
5.41270539261e-06,3.28528410814
5.42270539261e-06,3.28543053492
5.43270539261e-06,3.28557550473
5.44270539261e-06,3.28571903204
5.45270539261e-06,3.28586113123
5.46270539261e-06,3.28600181649
5.47270539261e-06,3.28614110189
5.48270539261e-06,3.28627900138
5.49270539261e-06,3.28641552873
5.50270539261e-06,3.2865506976
5.51270539261e-06,3.2866845215
5.52270539261e-06,3.28681701382
5.53270539261e-06,3.28694818782
5.54270539261e-06,3.28707805659
5.55270539261e-06,3.28720663314
5.56270539261e-06,3.28733393033
5.57270539261e-06,3.28745996087
5.58270539261e-06,3.28758473738
5.59270539261e-06,3.28770827233
5.60270539261e-06,3.28783057808
5.61270539261e-06,3.28795166686
5.62270539261e-06,3.28807155077
5.63270539261e-06,3.2881902418
5.64270539261e-06,3.28830775184
5.65270539261e-06,3.28842409261
5.66270539261e-06,3.28853927577
5.67270539261e-06,3.28865331283
5.68270539261e-06,3.28876621519
5.69270539261e-06,3.28887799414
5.70270539261e-06,3.28898866087
5.71270539261e-06,3.28909822643
5.72270539261e-06,3.28920670179
5.73270539261e-06,3.28931409779
5.74270539261e-06,3.28942042518
5.75270539261e-06,3.28952569458
5.76270539261e-06,3.28962991652
5.77270539261e-06,3.28973310143
5.78270539261e-06,3.28983525963
5.79270539261e-06,3.28993640132
5.80270539261e-06,3.29003653663
5.81270539261e-06,3.29013567557
5.82270539261e-06,3.29023382805
5.83270539261e-06,3.29033100389
5.84270539261e-06,3.29042721281
5.85270539261e-06,3.29052246442
5.86270539261e-06,3.29061676826
5.87270539261e-06,3.29071013375
5.88270539261e-06,3.29080257023
5.89270539261e-06,3.29089408694
5.90270539261e-06,3.29098469304
5.91270539261e-06,3.29107439759
5.92270539261e-06,3.29116320956
5.93270539261e-06,3.29125113782
5.94270539261e-06,3.29133819117
5.95270539261e-06,3.29142437833
5.96270539261e-06,3.2915097079
5.97270539261e-06,3.29159418841
5.98270539261e-06,3.29167782833
5.99270539261e-06,3.29176063601
6.00270539261e-06,3.29184261973
6.01270539261e-06,3.29192378769
6.02270539261e-06,3.29200414801
6.03270539261e-06,3.29208370873
6.04270539261e-06,3.2921624778
6.05270539261e-06,3.29224046309
6.06270539261e-06,3.29231767242
6.07270539261e-06,3.29239411349
6.08270539261e-06,3.29246979395
6.09270539261e-06,3.29254472137
6.10270539261e-06,3.29261890325
6.11270539261e-06,3.292692347
6.12270539261e-06,3.29276505996
6.13270539261e-06,3.29283704942
6.14270539261e-06,3.29290832256
6.15270539261e-06,3.29297888651
6.16270539261e-06,3.29304874834
6.17270539261e-06,3.29311791502
6.18270539261e-06,3.29318639348
6.19270539261e-06,3.29325419056
6.20270539261e-06,3.29332131304
6.21270539261e-06,3.29338776764
6.22270539261e-06,3.29345356099
6.23270539261e-06,3.29351869969
6.24270539261e-06,3.29358319024
6.25270539261e-06,3.29364703909
6.26270539261e-06,3.29371025263
6.27270539261e-06,3.29377283719
6.28270539261e-06,3.293834799
6.29270539261e-06,3.29389614429
6.30270539261e-06,3.29395687917
6.31270539261e-06,3.29401700973
6.32270539261e-06,3.29407654197
6.33270539261e-06,3.29413548185
6.34270539261e-06,3.29419383526
6.35270539261e-06,3.29425160805
6.36270539261e-06,3.29430880598
6.37270539261e-06,3.29436543477
6.38270539261e-06,3.2944215001
6.39270539261e-06,3.29447700756
6.40270539261e-06,3.29453196271
6.41270539261e-06,3.29458637104
6.42270539261e-06,3.29464023799
6.43270539261e-06,3.29469356896
6.44270539261e-06,3.29474636927
6.45270539261e-06,3.2947986442
6.46270539261e-06,3.29485039899
6.47270539261e-06,3.2949016388
6.48270539261e-06,3.29495236876
6.49270539261e-06,3.29500259395
6.50270539261e-06,3.29505231938
6.51270539261e-06,3.29510155003
6.52270539261e-06,3.29515029083
6.53270539261e-06,3.29519854664
6.54270539261e-06,3.2952463223
6.55270539261e-06,3.29529362257
6.56270539261e-06,3.2953404522
6.57270539261e-06,3.29538681586
6.58270539261e-06,3.29543271819
6.59270539261e-06,3.29547816378
6.60270539261e-06,3.29552315717
6.61270539261e-06,3.29556770287
6.62270539261e-06,3.29561180533
6.63270539261e-06,3.29565546896
6.64270539261e-06,3.29569869812
6.65270539261e-06,3.29574149715
6.66270539261e-06,3.29578387031
6.67270539261e-06,3.29582582185
6.68270539261e-06,3.29586735596
6.69270539261e-06,3.2959084768
6.70270539261e-06,3.29594918847
6.71270539261e-06,3.29598949505
6.72270539261e-06,3.29602940057
6.73270539261e-06,3.29606890903
6.74270539261e-06,3.29610802436
6.75270539261e-06,3.29614675049
6.76270539261e-06,3.29618509128
6.77270539261e-06,3.29622305057
6.78270539261e-06,3.29626063215
6.79270539261e-06,3.29629783979
6.80270539261e-06,3.29633467721
6.81270539261e-06,3.29637114808
6.82270539261e-06,3.29640725606
6.83270539261e-06,3.29644300476
6.84270539261e-06,3.29647839775
6.85270539261e-06,3.29651343856
6.86270539261e-06,3.29654813072
6.87270539261e-06,3.29658247768
6.88270539261e-06,3.29661648287
6.89270539261e-06,3.29665014971
6.90270539261e-06,3.29668348155
6.91270539261e-06,3.29671648174
6.92270539261e-06,3.29674915356
6.93270539261e-06,3.29678150029
6.94270539261e-06,3.29681352516
6.95270539261e-06,3.29684523138
6.96270539261e-06,3.29687662211
6.97270539261e-06,3.2969077005
6.98270539261e-06,3.29693846965
6.99270539261e-06,3.29696893264
7.00270539261e-06,3.29699909251
7.01270539261e-06,3.29702895229
7.02270539261e-06,3.29705851495
7.03270539261e-06,3.29708778346
7.04270539261e-06,3.29711676074
7.05270539261e-06,3.29714544969
7.06270539261e-06,3.29717385317
7.07270539261e-06,3.29720197404
7.08270539261e-06,3.29722981509
7.09270539261e-06,3.29725737912
7.10270539261e-06,3.29728466888
7.11270539261e-06,3.2973116871
7.12270539261e-06,3.29733843648
7.13270539261e-06,3.2973649197
7.14270539261e-06,3.29739113941
7.15270539261e-06,3.29741709822
7.16270539261e-06,3.29744279873
7.17270539261e-06,3.29746824352
7.18270539261e-06,3.29749343513
7.19270539261e-06,3.29751837607
7.20270539261e-06,3.29754306885
7.21270539261e-06,3.29756751592
7.22270539261e-06,3.29759171975
7.23270539261e-06,3.29761568273
7.24270539261e-06,3.29763940728
7.25270539261e-06,3.29766289577
7.26270539261e-06,3.29768615054
7.27270539261e-06,3.29770917391
7.28270539261e-06,3.2977319682
7.29270539261e-06,3.29775453568
7.30270539261e-06,3.29777687861
7.31270539261e-06,3.29779899922
7.32270539261e-06,3.29782089973
7.33270539261e-06,3.29784258232
7.34270539261e-06,3.29786404916
7.35270539261e-06,3.2978853024
7.36270539261e-06,3.29790634417
7.37270539261e-06,3.29792717657
7.38270539261e-06,3.29794780168
7.39270539261e-06,3.29796822156
7.40270539261e-06,3.29798843826
7.41270539261e-06,3.2980084538
7.42270539261e-06,3.29802827018
7.43270539261e-06,3.29804788938
7.44270539261e-06,3.29806731337
7.45270539261e-06,3.29808654408
7.46270539261e-06,3.29810558344
7.47270539261e-06,3.29812443336
7.48270539261e-06,3.29814309571
7.49270539261e-06,3.29816157237
7.50270539261e-06,3.29817986519
7.51270539261e-06,3.29819797598
7.52270539261e-06,3.29821590657
7.53270539261e-06,3.29823365874
7.54270539261e-06,3.29825123428
7.55270539261e-06,3.29826863493
7.56270539261e-06,3.29828586244
7.57270539261e-06,3.29830291854
7.58270539261e-06,3.29831980492
7.59270539261e-06,3.29833652328
7.60270539261e-06,3.29835307529
7.61270539261e-06,3.2983694626
7.62270539261e-06,3.29838568685
7.63270539261e-06,3.29840174967
7.64270539261e-06,3.29841765266
7.65270539261e-06,3.29843339741
7.66270539261e-06,3.29844898549
7.67270539261e-06,3.29846441847
7.68270539261e-06,3.29847969789
7.69270539261e-06,3.29849482527
7.70270539261e-06,3.29850980214
7.71270539261e-06,3.29852462998
7.72270539261e-06,3.29853931027
7.73270539261e-06,3.2985538445
7.74270539261e-06,3.29856823411
7.75270539261e-06,3.29858248053
7.76270539261e-06,3.29859658521
7.77270539261e-06,3.29861054953
7.78270539261e-06,3.29862437491
7.79270539261e-06,3.29863806272
7.80270539261e-06,3.29865161434
7.81270539261e-06,3.29866503111
7.82270539261e-06,3.29867831438
7.83270539261e-06,3.29869146548
7.84270539261e-06,3.29870448573
7.85270539261e-06,3.29871737642
7.86270539261e-06,3.29873013884
7.87270539261e-06,3.29874277427
7.88270539261e-06,3.29875528398
7.89270539261e-06,3.29876766922
7.90270539261e-06,3.29877993121
7.91270539261e-06,3.2987920712
7.92270539261e-06,3.29880409039
7.93270539261e-06,3.29881598999
7.94270539261e-06,3.29882777119
7.95270539261e-06,3.29883943516
7.96270539261e-06,3.29885098306
7.97270539261e-06,3.29886241607
7.98270539261e-06,3.29887373531
7.99270539261e-06,3.29888494193
8.00270539261e-06,3.29889603703
8.01270539261e-06,3.29890702174
8.02270539261e-06,3.29891789714
8.03270539261e-06,3.29892866433
8.04270539261e-06,3.29893932439
8.05270539261e-06,3.29894987838
8.06270539261e-06,3.29896032735
8.07270539261e-06,3.29897067235
8.08270539261e-06,3.29898091442
8.09270539261e-06,3.29899105457
8.10270539261e-06,3.29900109383
8.11270539261e-06,3.29901103319
8.12270539261e-06,3.29902087366
8.13270539261e-06,3.29903061621
8.14270539261e-06,3.29904026182
8.15270539261e-06,3.29904981145
8.16270539261e-06,3.29905926607
8.17270539261e-06,3.2990686266
8.18270539261e-06,3.299077894
8.19270539261e-06,3.29908706918
8.20270539261e-06,3.29909615307
8.21270539261e-06,3.29910514657
8.22270539261e-06,3.29911405059
8.23270539261e-06,3.29912286601
8.24270539261e-06,3.29913159371
8.25270539261e-06,3.29914023457
8.26270539261e-06,3.29914878945
8.27270539261e-06,3.2991572592
8.28270539261e-06,3.29916564468
8.29270539261e-06,3.29917394673
8.30270539261e-06,3.29918216616
8.31270539261e-06,3.29919030381
8.32270539261e-06,3.29919836049
8.33270539261e-06,3.299206337
8.34270539261e-06,3.29921423415
8.35270539261e-06,3.29922205271
8.36270539261e-06,3.29922979348
8.37270539261e-06,3.29923745723
8.38270539261e-06,3.29924504472
8.39270539261e-06,3.29925255671
8.40270539261e-06,3.29925999396
8.41270539261e-06,3.2992673572
8.42270539261e-06,3.29927464718
8.43270539261e-06,3.29928186462
8.44270539261e-06,3.29928901025
8.45270539261e-06,3.29929608477
8.46270539261e-06,3.2993030889
8.47270539261e-06,3.29931002334
8.48270539261e-06,3.29931688878
8.49270539261e-06,3.29932368591
8.50270539261e-06,3.2993304154
8.51270539261e-06,3.29933707794
8.52270539261e-06,3.29934367417
8.53270539261e-06,3.29935020478
8.54270539261e-06,3.2993566704
8.55270539261e-06,3.29936307169
8.56270539261e-06,3.29936940929
8.57270539261e-06,3.29937568382
8.58270539261e-06,3.29938189592
8.59270539261e-06,3.29938804621
8.60270539261e-06,3.29939413531
8.61270539261e-06,3.29940016381
8.62270539261e-06,3.29940613233
8.63270539261e-06,3.29941204146
8.64270539261e-06,3.29941789179
8.65270539261e-06,3.29942368392
8.66270539261e-06,3.2994294184
8.67270539261e-06,3.29943509583
8.68270539261e-06,3.29944071677
8.69270539261e-06,3.29944628178
8.70270539261e-06,3.29945179141
8.71270539261e-06,3.29945724622
8.72270539261e-06,3.29946264676
8.73270539261e-06,3.29946799356
8.74270539261e-06,3.29947328715
8.75270539261e-06,3.29947852808
8.76270539261e-06,3.29948371685
8.77270539261e-06,3.299488854
8.78270539261e-06,3.29949394003
8.79270539261e-06,3.29949897545
8.80270539261e-06,3.29950396077
8.81270539261e-06,3.29950889648
8.82270539261e-06,3.29951378309
8.83270539261e-06,3.29951862106
8.84270539261e-06,3.2995234109
8.85270539261e-06,3.29952815308
8.86270539261e-06,3.29953284808
8.87270539261e-06,3.29953749636
8.88270539261e-06,3.29954209838
8.89270539261e-06,3.29954665462
8.90270539261e-06,3.29955116552
8.91270539261e-06,3.29955563153
8.92270539261e-06,3.29956005311
8.93270539261e-06,3.29956443069
8.94270539261e-06,3.29956876471
8.95270539261e-06,3.29957305561
8.96270539261e-06,3.29957730381
8.97270539261e-06,3.29958150975
8.98270539261e-06,3.29958567383
8.99270539261e-06,3.29958979648
9.00270539261e-06,3.2995938781
9.01270539261e-06,3.29959791912
9.02270539261e-06,3.29960191992
9.03270539261e-06,3.29960588092
9.04270539261e-06,3.2996098025
9.05270539261e-06,3.29961368506
9.06270539261e-06,3.29961752899
9.07270539261e-06,3.29962133467
9.08270539261e-06,3.29962510249
9.09270539261e-06,3.29962883281
9.10270539261e-06,3.29963252602
9.11270539261e-06,3.29963618248
9.12270539261e-06,3.29963980255
9.13270539261e-06,3.29964338661
9.14270539261e-06,3.299646935
9.15270539261e-06,3.29965044808
9.16270539261e-06,3.29965392621
9.17270539261e-06,3.29965736973
9.18270539261e-06,3.29966077899
9.19270539261e-06,3.29966415432
9.20270539261e-06,3.29966749607
9.21270539261e-06,3.29967080457
9.22270539261e-06,3.29967408014
9.23270539261e-06,3.29967732313
9.24270539261e-06,3.29968053384
9.25270539261e-06,3.29968371261
9.26270539261e-06,3.29968685975
9.27270539261e-06,3.29968997557
9.28270539261e-06,3.29969306039
9.29270539261e-06,3.29969611452
9.30270539261e-06,3.29969913825
9.31270539261e-06,3.2997021319
9.32270539261e-06,3.29970509576
9.33270539261e-06,3.29970803013
9.34270539261e-06,3.29971093531
9.35270539261e-06,3.29971381157
9.36270539261e-06,3.29971665922
9.37270539261e-06,3.29971947853
9.38270539261e-06,3.29972226979
9.39270539261e-06,3.29972503327
9.40270539261e-06,3.29972776926
9.41270539261e-06,3.29973047802
9.42270539261e-06,3.29973315983
9.43270539261e-06,3.29973581496
9.44270539261e-06,3.29973844367
9.45270539261e-06,3.29974104622
9.46270539261e-06,3.29974362287
9.47270539261e-06,3.29974617389
9.48270539261e-06,3.29974869952
9.49270539261e-06,3.29975120002
9.50270539261e-06,3.29975367564
9.51270539261e-06,3.29975612663
9.52270539261e-06,3.29975855323
9.53270539261e-06,3.29976095569
9.54270539261e-06,3.29976333424
9.55270539261e-06,3.29976568912
9.56270539261e-06,3.29976802057
9.57270539261e-06,3.29977032883
9.58270539261e-06,3.29977261411
9.59270539261e-06,3.29977487666
9.60270539261e-06,3.29977711669
9.61270539261e-06,3.29977933444
9.62270539261e-06,3.29978153011
9.63270539261e-06,3.29978370394
9.64270539261e-06,3.29978585614
9.65270539261e-06,3.29978798693
9.66270539261e-06,3.29979009651
9.67270539261e-06,3.2997921851
9.68270539261e-06,3.29979425291
9.69270539261e-06,3.29979630015
9.70270539261e-06,3.29979832701
9.71270539261e-06,3.29980033371
9.72270539261e-06,3.29980232044
9.73270539261e-06,3.2998042874
9.74270539261e-06,3.29980623479
9.75270539261e-06,3.2998081628
9.76270539261e-06,3.29981007163
9.77270539261e-06,3.29981196146
9.78270539261e-06,3.29981383249
9.79270539261e-06,3.2998156849
9.80270539261e-06,3.29981751889
9.81270539261e-06,3.29981933462
9.82270539261e-06,3.29982113228
9.83270539261e-06,3.29982291206
9.84270539261e-06,3.29982467413
9.85270539261e-06,3.29982641867
9.86270539261e-06,3.29982814584
9.87270539261e-06,3.29982985584
9.88270539261e-06,3.29983154881
9.89270539261e-06,3.29983322494
9.90270539261e-06,3.2998348844
9.91270539261e-06,3.29983652734
9.92270539261e-06,3.29983815393
9.93270539261e-06,3.29983976434
9.94270539261e-06,3.29984135873
9.95270539261e-06,3.29984293725
9.96270539261e-06,3.29984450006
9.97270539261e-06,3.29984604732
9.98270539261e-06,3.29984757919
9.9913526963e-06,3.29984889154
1e-05,3.2998501926
