time,v(bus)
1e-08,48.00005
2e-08,48.0001
4e-08,48.0002
8e-08,48.0004
1.6e-07,48.0008
3.2e-07,48.0016
6.4e-07,48.0032
1e-06,48.005
1.064e-06,48.00532
1.192e-06,48.00596
1.448e-06,48.00724
1.96e-06,48.0098
2.96e-06,48.0148
3.96e-06,48.0198
4.96e-06,48.0248
5.96e-06,48.0298
6.96e-06,48.0348
7.96e-06,48.0398
8.96e-06,48.0448
9.96e-06,48.0498
1.096e-05,48.0548
1.196e-05,48.0598
1.296e-05,48.0648
1.396e-05,48.0698
1.496e-05,48.0748
1.596e-05,48.0798
1.696e-05,48.0848
1.796e-05,48.0898
1.896e-05,48.0948
1.996e-05,48.0998
2.096e-05,48.1048
2.196e-05,48.1098
2.296e-05,48.1148
2.396e-05,48.1198
2.496e-05,48.1248
2.596e-05,48.1298
2.696e-05,48.1348
2.796e-05,48.1398
2.896e-05,48.1448
2.996e-05,48.1498
3.096e-05,48.1548
3.196e-05,48.1598
3.296e-05,48.1648
3.396e-05,48.1698
3.496e-05,48.1748
3.596e-05,48.1798
3.696e-05,48.1848
3.796e-05,48.1898
3.896e-05,48.1948
3.996e-05,48.1998
4.096e-05,48.2048
4.196e-05,48.2098
4.296e-05,48.2148
4.396e-05,48.2198
4.496e-05,48.2248
4.596e-05,48.2298
4.696e-05,48.2348
4.796e-05,48.2398
4.896e-05,48.2448
4.996e-05,48.2498
5.096e-05,48.2548
5.196e-05,48.2598
5.296e-05,48.2648
5.396e-05,48.2698
5.496e-05,48.2748
5.596e-05,48.2798
5.696e-05,48.2848
5.796e-05,48.2898
5.896e-05,48.2948
5.996e-05,48.2998
6.096e-05,48.3048
6.196e-05,48.3098
6.296e-05,48.3148
6.396e-05,48.3198
6.496e-05,48.3248
6.596e-05,48.3298
6.696e-05,48.3348
6.796e-05,48.3398
6.896e-05,48.3448
6.996e-05,48.3498
7.096e-05,48.3548
7.196e-05,48.3598
7.296e-05,48.3648
7.396e-05,48.3698
7.496e-05,48.3748
7.596e-05,48.3798
7.696e-05,48.3848
7.796e-05,48.3898
7.896e-05,48.3948
7.996e-05,48.3998
8.096e-05,48.4048
8.196e-05,48.4098
8.296e-05,48.4148
8.396e-05,48.4198
8.496e-05,48.4248
8.596e-05,48.4298
8.696e-05,48.4348
8.796e-05,48.4398
8.896e-05,48.4448
8.996e-05,48.4498
9.096e-05,48.4548
9.196e-05,48.4598
9.296e-05,48.4648
9.396e-05,48.4698
9.496e-05,48.4748
9.596e-05,48.4798
9.696e-05,48.4848
9.796e-05,48.4898
9.896e-05,48.4948
9.996e-05,48.4998
0.00010096,48.5048
0.00010196,48.5098
0.00010296,48.5148
0.00010396,48.5198
0.00010496,48.5248
0.00010596,48.5298
0.00010696,48.5348
0.00010796,48.5398
0.00010896,48.5448
0.00010996,48.5498
0.00011096,48.5548
0.00011196,48.5598
0.00011296,48.5648
0.00011396,48.5698
0.00011496,48.5748
0.00011596,48.5798
0.00011696,48.5848
0.00011796,48.5898
0.00011896,48.5948
0.00011996,48.5998
0.00012096,48.6048
0.00012196,48.6098
0.00012296,48.6148
0.00012396,48.6198
0.00012496,48.6248
0.00012596,48.6298
0.00012696,48.6348
0.00012796,48.6398
0.00012896,48.6448
0.00012996,48.6498
0.00013096,48.6548
0.00013196,48.6598
0.00013296,48.6648
0.00013396,48.6698
0.00013496,48.6748
0.00013596,48.6798
0.00013696,48.6848
0.00013796,48.6898
0.00013896,48.6948
0.00013996,48.6998
0.00014096,48.7048
0.00014196,48.7098
0.00014296,48.7148
0.00014396,48.7198
0.00014496,48.7248
0.00014596,48.7298
0.00014696,48.7348
0.00014796,48.7398
0.00014896,48.7448
0.00014996,48.7498
0.00015096,48.7548
0.00015196,48.7598
0.00015296,48.7648
0.00015396,48.7698
0.00015496,48.7748
0.00015596,48.7798
0.00015696,48.7848
0.00015796,48.7898
0.00015896,48.7948
0.00015996,48.7998
0.00016096,48.8048
0.00016196,48.8098
0.00016296,48.8148
0.00016396,48.8198
0.00016496,48.8248
0.00016596,48.8298
0.00016696,48.8348
0.00016796,48.8398
0.00016896,48.8448
0.00016996,48.8498
0.00017096,48.8548
0.00017196,48.8598
0.00017296,48.8648
0.00017396,48.8698
0.00017496,48.8748
0.00017596,48.8798
0.00017696,48.8848
0.00017796,48.8898
0.00017896,48.8948
0.00017996,48.8998
0.00018096,48.9048
0.00018196,48.9098
0.00018296,48.9148
0.00018396,48.9198
0.00018496,48.9248
0.00018596,48.9298
0.00018696,48.9348
0.00018796,48.9398
0.00018896,48.9448
0.00018996,48.9498
0.00019096,48.9548
0.00019196,48.9598
0.00019296,48.9648
0.00019396,48.9698
0.00019496,48.9748
0.00019596,48.9798
0.00019696,48.9848
0.00019796,48.9898
0.00019896,48.9948
0.00019996,48.9998
0.00020096,49.0048
0.00020196,49.0098
0.00020296,49.0148
0.00020396,49.0198
0.00020496,49.0248
0.00020596,49.0298
0.00020696,49.0348
0.00020796,49.0398
0.00020896,49.0448
0.00020996,49.0498
0.00021096,49.0548
0.00021196,49.0598
0.00021296,49.0648
0.00021396,49.0698
0.00021496,49.0748
0.00021596,49.0798
0.00021696,49.0848
0.00021796,49.0898
0.00021896,49.0948
0.00021996,49.0998
0.00022096,49.1048
0.00022196,49.1098
0.00022296,49.1148
0.00022396,49.1198
0.00022496,49.1248
0.00022596,49.1298
0.00022696,49.1348
0.00022796,49.1398
0.00022896,49.1448
0.00022996,49.1498
0.00023096,49.1548
0.00023196,49.1598
0.00023296,49.1648
0.00023396,49.1698
0.00023496,49.1748
0.00023596,49.1798
0.00023696,49.1848
0.00023796,49.1898
0.00023896,49.1948
0.00023996,49.1998
0.00024096,49.2048
0.00024196,49.2098
0.00024296,49.2148
0.00024396,49.2198
0.00024496,49.2248
0.00024596,49.2298
0.00024696,49.2348
0.00024796,49.2398
0.00024896,49.2448
0.00024996,49.2498
0.00025096,49.2548
0.00025196,49.2598
0.00025296,49.2648
0.00025396,49.2698
0.00025496,49.2748
0.00025596,49.2798
0.00025696,49.2848
0.00025796,49.2898
0.00025896,49.2948
0.00025996,49.2998
0.00026096,49.3048
0.00026196,49.3098
0.00026296,49.3148
0.00026396,49.3198
0.00026496,49.3248
0.00026596,49.3298
0.00026696,49.3348
0.00026796,49.3398
0.00026896,49.3448
0.00026996,49.3498
0.00027096,49.3548
0.00027196,49.3598
0.00027296,49.3648
0.00027396,49.3698
0.00027496,49.3748
0.00027596,49.3798
0.00027696,49.3848
0.00027796,49.3898
0.00027896,49.3948
0.00027996,49.3998
0.00028096,49.4048
0.00028196,49.4098
0.00028296,49.4148
0.00028396,49.4198
0.00028496,49.4248
0.00028596,49.4298
0.00028696,49.4348
0.00028796,49.4398
0.00028896,49.4448
0.00028996,49.4498
0.00029096,49.4548
0.00029196,49.4598
0.00029296,49.4648
0.00029396,49.4698
0.00029496,49.4748
0.00029596,49.4798
0.00029696,49.4848
0.00029796,49.4898
0.00029896,49.4948
0.00029996,49.4998
0.00030096,49.5048
0.00030196,49.5098
0.00030296,49.5148
0.00030396,49.5198
0.00030496,49.5248
0.00030596,49.5298
0.00030696,49.5348
0.00030796,49.5398
0.00030896,49.5448
0.00030996,49.5498
0.00031096,49.5548
0.00031196,49.5598
0.00031296,49.5648
0.00031396,49.5698
0.00031496,49.5748
0.00031596,49.5798
0.00031696,49.5848
0.00031796,49.5898
0.00031896,49.5948
0.00031996,49.5998
0.00032096,49.6048
0.00032196,49.6098
0.00032296,49.6148
0.00032396,49.6198
0.00032496,49.6248
0.00032596,49.6298
0.00032696,49.6348
0.00032796,49.6398
0.00032896,49.6448
0.00032996,49.6498
0.00033096,49.6548
0.00033196,49.6598
0.00033296,49.6648
0.00033396,49.6698
0.00033496,49.6748
0.00033596,49.6798
0.00033696,49.6848
0.00033796,49.6898
0.00033896,49.6948
0.00033996,49.6998
0.00034096,49.7048
0.00034196,49.7098
0.00034296,49.7148
0.00034396,49.7198
0.00034496,49.7248
0.00034596,49.7298
0.00034696,49.7348
0.00034796,49.7398
0.00034896,49.7448
0.00034996,49.7498
0.00035096,49.7548
0.00035196,49.7598
0.00035296,49.7648
0.00035396,49.7698
0.00035496,49.7748
0.00035596,49.7798
0.00035696,49.7848
0.00035796,49.7898
0.00035896,49.7948
0.00035996,49.7998
0.00036096,49.8048
0.00036196,49.8098
0.00036296,49.8148
0.00036396,49.8198
0.00036496,49.8248
0.00036596,49.8298
0.00036696,49.8348
0.00036796,49.8398
0.00036896,49.8448
0.00036996,49.8498
0.00037096,49.8548
0.00037196,49.8598
0.00037296,49.8648
0.00037396,49.8698
0.00037496,49.8748
0.00037596,49.8798
0.00037696,49.8848
0.00037796,49.8898
0.00037896,49.8948
0.00037996,49.8998
0.00038096,49.9048
0.00038196,49.9098
0.00038296,49.9148
0.00038396,49.9198
0.00038496,49.9248
0.00038596,49.9298
0.00038696,49.9348
0.00038796,49.9398
0.00038896,49.9448
0.00038996,49.9498
0.00039096,49.9548
0.00039196,49.9598
0.00039296,49.9648
0.00039396,49.9698
0.00039496,49.9748
0.00039596,49.9798
0.00039696,49.9848
0.00039796,49.9898
0.00039896,49.9948
0.00039996,49.9998
0.00040096,50.0048
0.00040196,50.0098
0.00040296,50.0148
0.00040396,50.0198
0.00040496,50.0248
0.00040596,50.0298
0.00040696,50.0348
0.00040796,50.0398
0.00040896,50.0448
0.00040996,50.0498
0.00041096,50.0548
0.00041196,50.0598
0.00041296,50.0648
0.00041396,50.0698
0.00041496,50.0748
0.00041596,50.0798
0.00041696,50.0848
0.00041796,50.0898
0.00041896,50.0948
0.00041996,50.0998
0.00042096,50.1048
0.00042196,50.1098
0.00042296,50.1148
0.00042396,50.1198
0.00042496,50.1248
0.00042596,50.1298
0.00042696,50.1348
0.00042796,50.1398
0.00042896,50.1448
0.00042996,50.1498
0.00043096,50.1548
0.00043196,50.1598
0.00043296,50.1648
0.00043396,50.1698
0.00043496,50.1748
0.00043596,50.1798
0.00043696,50.1848
0.00043796,50.1898
0.00043896,50.1948
0.00043996,50.1998
0.00044096,50.2048
0.00044196,50.2098
0.00044296,50.2148
0.00044396,50.2198
0.00044496,50.2248
0.00044596,50.2298
0.00044696,50.2348
0.00044796,50.2398
0.00044896,50.2448
0.00044996,50.2498
0.00045096,50.2548
0.00045196,50.2598
0.00045296,50.2648
0.00045396,50.2698
0.00045496,50.2748
0.00045596,50.2798
0.00045696,50.2848
0.00045796,50.2898
0.00045896,50.2948
0.00045996,50.2998
0.00046096,50.3048
0.00046196,50.3098
0.00046296,50.3148
0.00046396,50.3198
0.00046496,50.3248
0.00046596,50.3298
0.00046696,50.3348
0.00046796,50.3398
0.00046896,50.3448
0.00046996,50.3498
0.00047096,50.3548
0.00047196,50.3598
0.00047296,50.3648
0.00047396,50.3698
0.00047496,50.3748
0.00047596,50.3798
0.00047696,50.3848
0.00047796,50.3898
0.00047896,50.3948
0.00047996,50.3998
0.00048096,50.4048
0.00048196,50.4098
0.00048296,50.4148
0.00048396,50.4198
0.00048496,50.4248
0.00048596,50.4298
0.00048696,50.4348
0.00048796,50.4398
0.00048896,50.4448
0.00048996,50.4498
0.00049096,50.4548
0.00049196,50.4598
0.00049296,50.4648
0.00049396,50.4698
0.00049496,50.4748
0.00049596,50.4798
0.00049696,50.4848
0.00049796,50.4898
0.00049896,50.4948
0.00049996,50.4998
0.00050096,50.5048
0.00050196,50.5098
0.00050296,50.5148
0.00050396,50.5198
0.00050496,50.5248
0.00050596,50.5298
0.00050696,50.5348
0.00050796,50.5398
0.00050896,50.5448
0.00050996,50.5498
0.00051096,50.5548
0.00051196,50.5598
0.00051296,50.5648
0.00051396,50.5698
0.00051496,50.5748
0.00051596,50.5798
0.00051696,50.5848
0.00051796,50.5898
0.00051896,50.5948
0.00051996,50.5998
0.00052096,50.6048
0.00052196,50.6098
0.00052296,50.6148
0.00052396,50.6198
0.00052496,50.6248
0.00052596,50.6298
0.00052696,50.6348
0.00052796,50.6398
0.00052896,50.6448
0.00052996,50.6498
0.00053096,50.6548
0.00053196,50.6598
0.00053296,50.6648
0.00053396,50.6698
0.00053496,50.6748
0.00053596,50.6798
0.00053696,50.6848
0.00053796,50.6898
0.00053896,50.6948
0.00053996,50.6998
0.00054096,50.7048
0.00054196,50.7098
0.00054296,50.7148
0.00054396,50.7198
0.00054496,50.7248
0.00054596,50.7298
0.00054696,50.7348
0.00054796,50.7398
0.00054896,50.7448
0.00054996,50.7498
0.00055096,50.7548
0.00055196,50.7598
0.00055296,50.7648
0.00055396,50.7698
0.00055496,50.7748
0.00055596,50.7798
0.00055696,50.7848
0.00055796,50.7898
0.00055896,50.7948
0.00055996,50.7998
0.00056096,50.8048
0.00056196,50.8098
0.00056296,50.8148
0.00056396,50.8198
0.00056496,50.8248
0.00056596,50.8298
0.00056696,50.8348
0.00056796,50.8398
0.00056896,50.8448
0.00056996,50.8498
0.00057096,50.8548
0.00057196,50.8598
0.00057296,50.8648
0.00057396,50.8698
0.00057496,50.8748
0.00057596,50.8798
0.00057696,50.8848
0.00057796,50.8898
0.00057896,50.8948
0.00057996,50.8998
0.00058096,50.9048
0.00058196,50.9098
0.00058296,50.9148
0.00058396,50.9198
0.00058496,50.9248
0.00058596,50.9298
0.00058696,50.9348
0.00058796,50.9398
0.00058896,50.9448
0.00058996,50.9498
0.00059096,50.9548
0.00059196,50.9598
0.00059296,50.9648
0.00059396,50.9698
0.00059496,50.9748
0.00059596,50.9798
0.00059696,50.9848
0.00059796,50.9898
0.00059896,50.9948
0.00059996,50.9998
0.00060096,51.0048
0.00060196,51.0098
0.00060296,51.0148
0.00060396,51.0198
0.00060496,51.0248
0.00060596,51.0298
0.00060696,51.0348
0.00060796,51.0398
0.00060896,51.0448
0.00060996,51.0498
0.00061096,51.0548
0.00061196,51.0598
0.00061296,51.0648
0.00061396,51.0698
0.00061496,51.0748
0.00061596,51.0798
0.00061696,51.0848
0.00061796,51.0898
0.00061896,51.0948
0.00061996,51.0998
0.00062096,51.1048
0.00062196,51.1098
0.00062296,51.1148
0.00062396,51.1198
0.00062496,51.1248
0.00062596,51.1298
0.00062696,51.1348
0.00062796,51.1398
0.00062896,51.1448
0.00062996,51.1498
0.00063096,51.1548
0.00063196,51.1598
0.00063296,51.1648
0.00063396,51.1698
0.00063496,51.1748
0.00063596,51.1798
0.00063696,51.1848
0.00063796,51.1898
0.00063896,51.1948
0.00063996,51.1998
0.00064096,51.2048
0.00064196,51.2098
0.00064296,51.2148
0.00064396,51.2198
0.00064496,51.2248
0.00064596,51.2298
0.00064696,51.2348
0.00064796,51.2398
0.00064896,51.2448
0.00064996,51.2498
0.00065096,51.2548
0.00065196,51.2598
0.00065296,51.2648
0.00065396,51.2698
0.00065496,51.2748
0.00065596,51.2798
0.00065696,51.2848
0.00065796,51.2898
0.00065896,51.2948
0.00065996,51.2998
0.00066096,51.3048
0.00066196,51.3098
0.00066296,51.3148
0.00066396,51.3198
0.00066496,51.3248
0.00066596,51.3298
0.00066696,51.3348
0.00066796,51.3398
0.00066896,51.3448
0.00066996,51.3498
0.00067096,51.3548
0.00067196,51.3598
0.00067296,51.3648
0.00067396,51.3698
0.00067496,51.3748
0.00067596,51.3798
0.00067696,51.3848
0.00067796,51.3898
0.00067896,51.3948
0.00067996,51.3998
0.00068096,51.4048
0.00068196,51.4098
0.00068296,51.4148
0.00068396,51.4198
0.00068496,51.4248
0.00068596,51.4298
0.00068696,51.4348
0.00068796,51.4398
0.00068896,51.4448
0.00068996,51.4498
0.00069096,51.4548
0.00069196,51.4598
0.00069296,51.4648
0.00069396,51.4698
0.00069496,51.4748
0.00069596,51.4798
0.00069696,51.4848
0.00069796,51.4898
0.00069896,51.4948
0.00069996,51.4998
0.00070096,51.5048
0.00070196,51.5098
0.00070296,51.5148
0.00070396,51.5198
0.00070496,51.5248
0.00070596,51.5298
0.00070696,51.5348
0.00070796,51.5398
0.00070896,51.5448
0.00070996,51.5498
0.00071096,51.5548
0.00071196,51.5598
0.00071296,51.5648
0.00071396,51.5698
0.00071496,51.5748
0.00071596,51.5798
0.00071696,51.5848
0.00071796,51.5898
0.00071896,51.5948
0.00071996,51.5998
0.00072096,51.6048
0.00072196,51.6098
0.00072296,51.6148
0.00072396,51.6198
0.00072496,51.6248
0.00072596,51.6298
0.00072696,51.6348
0.00072796,51.6398
0.00072896,51.6448
0.00072996,51.6498
0.00073096,51.6548
0.00073196,51.6598
0.00073296,51.6648
0.00073396,51.6698
0.00073496,51.6748
0.00073596,51.6798
0.00073696,51.6848
0.00073796,51.6898
0.00073896,51.6948
0.00073996,51.6998
0.00074096,51.7048
0.00074196,51.7098
0.00074296,51.7148
0.00074396,51.7198
0.00074496,51.7248
0.00074596,51.7298
0.00074696,51.7348
0.00074796,51.7398
0.00074896,51.7448
0.00074996,51.7498
0.00075096,51.7548
0.00075196,51.7598
0.00075296,51.7648
0.00075396,51.7698
0.00075496,51.7748
0.00075596,51.7798
0.00075696,51.7848
0.00075796,51.7898
0.00075896,51.7948
0.00075996,51.7998
0.00076096,51.8048
0.00076196,51.8098
0.00076296,51.8148
0.00076396,51.8198
0.00076496,51.8248
0.00076596,51.8298
0.00076696,51.8348
0.00076796,51.8398
0.00076896,51.8448
0.00076996,51.8498
0.00077096,51.8548
0.00077196,51.8598
0.00077296,51.8648
0.00077396,51.8698
0.00077496,51.8748
0.00077596,51.8798
0.00077696,51.8848
0.00077796,51.8898
0.00077896,51.8948
0.00077996,51.8998
0.00078096,51.9048
0.00078196,51.9098
0.00078296,51.9148
0.00078396,51.9198
0.00078496,51.9248
0.00078596,51.9298
0.00078696,51.9348
0.00078796,51.9398
0.00078896,51.9448
0.00078996,51.9498
0.00079096,51.9548
0.00079196,51.9598
0.00079296,51.9648
0.00079396,51.9698
0.00079496,51.9748
0.00079596,51.9798
0.00079696,51.9848
0.00079796,51.9898
0.00079896,51.9948
0.00079996,51.9998
0.00080096,52.0048
0.00080196,52.0098
0.00080296,52.0148
0.00080396,52.0198
0.00080496,52.0248
0.00080596,52.0298
0.00080696,52.0348
0.00080796,52.0398
0.00080896,52.0448
0.00080996,52.0498
0.00081096,52.0548
0.00081196,52.0598
0.00081296,52.0648
0.00081396,52.0698
0.00081496,52.0748
0.00081596,52.0798
0.00081696,52.0848
0.00081796,52.0898
0.00081896,52.0948
0.00081996,52.0998
0.00082096,52.1048
0.00082196,52.1098
0.00082296,52.1148
0.00082396,52.1198
0.00082496,52.1248
0.00082596,52.1298
0.00082696,52.1348
0.00082796,52.1398
0.00082896,52.1448
0.00082996,52.1498
0.00083096,52.1548
0.00083196,52.1598
0.00083296,52.1648
0.00083396,52.1698
0.00083496,52.1748
0.00083596,52.1798
0.00083696,52.1848
0.00083796,52.1898
0.00083896,52.1948
0.00083996,52.1998
0.00084096,52.2048
0.00084196,52.2098
0.00084296,52.2148
0.00084396,52.2198
0.00084496,52.2248
0.00084596,52.2298
0.00084696,52.2348
0.00084796,52.2398
0.00084896,52.2448
0.00084996,52.2498
0.00085096,52.2548
0.00085196,52.2598
0.00085296,52.2648
0.00085396,52.2698
0.00085496,52.2748
0.00085596,52.2798
0.00085696,52.2848
0.00085796,52.2898
0.00085896,52.2948
0.00085996,52.2998
0.00086096,52.3048
0.00086196,52.3098
0.00086296,52.3148
0.00086396,52.3198
0.00086496,52.3248
0.00086596,52.3298
0.00086696,52.3348
0.00086796,52.3398
0.00086896,52.3448
0.00086996,52.3498
0.00087096,52.3548
0.00087196,52.3598
0.00087296,52.3648
0.00087396,52.3698
0.00087496,52.3748
0.00087596,52.3798
0.00087696,52.3848
0.00087796,52.3898
0.00087896,52.3948
0.00087996,52.3998
0.00088096,52.4048
0.00088196,52.4098
0.00088296,52.4148
0.00088396,52.4198
0.00088496,52.4248
0.00088596,52.4298
0.00088696,52.4348
0.00088796,52.4398
0.00088896,52.4448
0.00088996,52.4498
0.00089096,52.4548
0.00089196,52.4598
0.00089296,52.4648
0.00089396,52.4698
0.00089496,52.4748
0.00089596,52.4798
0.00089696,52.4848
0.00089796,52.4898
0.00089896,52.4948
0.00089996,52.4998
0.00090096,52.5048
0.00090196,52.5098
0.00090296,52.5148
0.00090396,52.5198
0.00090496,52.5248
0.00090596,52.5298
0.00090696,52.5348
0.00090796,52.5398
0.00090896,52.5448
0.00090996,52.5498
0.00091096,52.5548
0.00091196,52.5598
0.00091296,52.5648
0.00091396,52.5698
0.00091496,52.5748
0.00091596,52.5798
0.00091696,52.5848
0.00091796,52.5898
0.00091896,52.5948
0.00091996,52.5998
0.00092096,52.6048
0.00092196,52.6098
0.00092296,52.6148
0.00092396,52.6198
0.00092496,52.6248
0.00092596,52.6298
0.00092696,52.6348
0.00092796,52.6398
0.00092896,52.6448
0.00092996,52.6498
0.00093096,52.6548
0.00093196,52.6598
0.00093296,52.6648
0.00093396,52.6698
0.00093496,52.6748
0.00093596,52.6798
0.00093696,52.6848
0.00093796,52.6898
0.00093896,52.6948
0.00093996,52.6998
0.00094096,52.7048
0.00094196,52.7098
0.00094296,52.7148
0.00094396,52.7198
0.00094496,52.7248
0.00094596,52.7298
0.00094696,52.7348
0.00094796,52.7398
0.00094896,52.7448
0.00094996,52.7498
0.00095096,52.7548
0.00095196,52.7598
0.00095296,52.7648
0.00095396,52.7698
0.00095496,52.7748
0.00095596,52.7798
0.00095696,52.7848
0.00095796,52.7898
0.00095896,52.7948
0.00095996,52.7998
0.00096096,52.8048
0.00096196,52.8098
0.00096296,52.8148
0.00096396,52.8198
0.00096496,52.8248
0.00096596,52.8298
0.00096696,52.8348
0.00096796,52.8398
0.00096896,52.8448
0.00096996,52.8498
0.00097096,52.8548
0.00097196,52.8598
0.00097296,52.8648
0.00097396,52.8698
0.00097496,52.8748
0.00097596,52.8798
0.00097696,52.8848
0.00097796,52.8898
0.00097896,52.8948
0.00097996,52.8998
0.00098096,52.9048
0.00098196,52.9098
0.00098296,52.9148
0.00098396,52.9198
0.00098496,52.9248
0.00098596,52.9298
0.00098696,52.9348
0.00098796,52.9398
0.00098896,52.9448
0.00098996,52.9498
0.00099096,52.9548
0.00099196,52.9598
0.00099296,52.9648
0.00099396,52.9698
0.00099496,52.9748
0.00099596,52.9798
0.00099696,52.9848
0.00099796,52.9898
0.00099896,52.9948
0.00099996,52.9998
0.00100096,53.0048
0.00100196,53.0098
0.00100296,53.0148
0.00100396,53.0198
0.00100496,53.0248
0.00100596,53.0298
0.00100696,53.0348
0.00100796,53.0398
0.00100896,53.0448
0.00100996,53.0498
0.00101096,53.0548
0.00101196,53.0598
0.00101296,53.0648
0.00101396,53.0698
0.00101496,53.0748
0.00101596,53.0798
0.00101696,53.0848
0.00101796,53.0898
0.00101896,53.0948
0.00101996,53.0998
0.00102096,53.1048
0.00102196,53.1098
0.00102296,53.1148
0.00102396,53.1198
0.00102496,53.1248
0.00102596,53.1298
0.00102696,53.1348
0.00102796,53.1398
0.00102896,53.1448
0.00102996,53.1498
0.00103096,53.1548
0.00103196,53.1598
0.00103296,53.1648
0.00103396,53.1698
0.00103496,53.1748
0.00103596,53.1798
0.00103696,53.1848
0.00103796,53.1898
0.00103896,53.1948
0.00103996,53.1998
0.00104096,53.2048
0.00104196,53.2098
0.00104296,53.2148
0.00104396,53.2198
0.00104496,53.2248
0.00104596,53.2298
0.00104696,53.2348
0.00104796,53.2398
0.00104896,53.2448
0.00104996,53.2498
0.00105096,53.2548
0.00105196,53.2598
0.00105296,53.2648
0.00105396,53.2698
0.00105496,53.2748
0.00105596,53.2798
0.00105696,53.2848
0.00105796,53.2898
0.00105896,53.2948
0.00105996,53.2998
0.00106096,53.3048
0.00106196,53.3098
0.00106296,53.3148
0.00106396,53.3198
0.00106496,53.3248
0.00106596,53.3298
0.00106696,53.3348
0.00106796,53.3398
0.00106896,53.3448
0.00106996,53.3498
0.00107096,53.3548
0.00107196,53.3598
0.00107296,53.3648
0.00107396,53.3698
0.00107496,53.3748
0.00107596,53.3798
0.00107696,53.3848
0.00107796,53.3898
0.00107896,53.3948
0.00107996,53.3998
0.00108096,53.4048
0.00108196,53.4098
0.00108296,53.4148
0.00108396,53.4198
0.00108496,53.4248
0.00108596,53.4298
0.00108696,53.4348
0.00108796,53.4398
0.00108896,53.4448
0.00108996,53.4498
0.00109096,53.4548
0.00109196,53.4598
0.00109296,53.4648
0.00109396,53.4698
0.00109496,53.4748
0.00109596,53.4798
0.00109696,53.4848
0.00109796,53.4898
0.00109896,53.4948
0.00109996,53.4998
0.00110096,53.5048
0.00110196,53.5098
0.00110296,53.5148
0.00110396,53.5198
0.00110496,53.5248
0.00110596,53.5298
0.00110696,53.5348
0.00110796,53.5398
0.00110896,53.5448
0.00110996,53.5498
0.00111096,53.5548
0.00111196,53.5598
0.00111296,53.5648
0.00111396,53.5698
0.00111496,53.5748
0.00111596,53.5798
0.00111696,53.5848
0.00111796,53.5898
0.00111896,53.5948
0.00111996,53.5998
0.00112096,53.6048
0.00112196,53.6098
0.00112296,53.6148
0.00112396,53.6198
0.00112496,53.6248
0.00112596,53.6298
0.00112696,53.6348
0.00112796,53.6398
0.00112896,53.6448
0.00112996,53.6498
0.00113096,53.6548
0.00113196,53.6598
0.00113296,53.6648
0.00113396,53.6698
0.00113496,53.6748
0.00113596,53.6798
0.00113696,53.6848
0.00113796,53.6898
0.00113896,53.6948
0.00113996,53.6998
0.00114096,53.7048
0.00114196,53.7098
0.00114296,53.7148
0.00114396,53.7198
0.00114496,53.7248
0.00114596,53.7298
0.00114696,53.7348
0.00114796,53.7398
0.00114896,53.7448
0.00114996,53.7498
0.00115096,53.7548
0.00115196,53.7598
0.00115296,53.7648
0.00115396,53.7698
0.00115496,53.7748
0.00115596,53.7798
0.00115696,53.7848
0.00115796,53.7898
0.00115896,53.7948
0.00115996,53.7998
0.00116096,53.8048
0.00116196,53.8098
0.00116296,53.8148
0.00116396,53.8198
0.00116496,53.8248
0.00116596,53.8298
0.00116696,53.8348
0.00116796,53.8398
0.00116896,53.8448
0.00116996,53.8498
0.00117096,53.8548
0.00117196,53.8598
0.00117296,53.8648
0.00117396,53.8698
0.00117496,53.8748
0.00117596,53.8798
0.00117696,53.8848
0.00117796,53.8898
0.00117896,53.8948
0.00117996,53.8998
0.00118096,53.9048
0.00118196,53.9098
0.00118296,53.9148
0.00118396,53.9198
0.00118496,53.9248
0.00118596,53.9298
0.00118696,53.9348
0.00118796,53.9398
0.00118896,53.9448
0.00118996,53.9498
0.00119096,53.9548
0.00119196,53.9598
0.00119296,53.9648
0.00119396,53.9698
0.00119496,53.9748
0.00119596,53.9798
0.00119696,53.9848
0.00119796,53.9898
0.00119896,53.9948
0.00119996,53.9998
0.00120096,54.0048
0.00120196,54.0098
0.00120296,54.0148
0.00120396,54.0198
0.00120496,54.0248
0.00120596,54.0298
0.00120696,54.0348
0.00120796,54.0398
0.00120896,54.0448
0.00120996,54.0498
0.00121096,54.0548
0.00121196,54.0598
0.00121296,54.0648
0.00121396,54.0698
0.00121496,54.0748
0.00121596,54.0798
0.00121696,54.0848
0.00121796,54.0898
0.00121896,54.0948
0.00121996,54.0998
0.00122096,54.1048
0.00122196,54.1098
0.00122296,54.1148
0.00122396,54.1198
0.00122496,54.1248
0.00122596,54.1298
0.00122696,54.1348
0.00122796,54.1398
0.00122896,54.1448
0.00122996,54.1498
0.00123096,54.1548
0.00123196,54.1598
0.00123296,54.1648
0.00123396,54.1698
0.00123496,54.1748
0.00123596,54.1798
0.00123696,54.1848
0.00123796,54.1898
0.00123896,54.1948
0.00123996,54.1998
0.00124096,54.2048
0.00124196,54.2098
0.00124296,54.2148
0.00124396,54.2198
0.00124496,54.2248
0.00124596,54.2298
0.00124696,54.2348
0.00124796,54.2398
0.00124896,54.2448
0.00124996,54.2498
0.00125096,54.2548
0.00125196,54.2598
0.00125296,54.2648
0.00125396,54.2698
0.00125496,54.2748
0.00125596,54.2798
0.00125696,54.2848
0.00125796,54.2898
0.00125896,54.2948
0.00125996,54.2998
0.00126096,54.3048
0.00126196,54.3098
0.00126296,54.3148
0.00126396,54.3198
0.00126496,54.3248
0.00126596,54.3298
0.00126696,54.3348
0.00126796,54.3398
0.00126896,54.3448
0.00126996,54.3498
0.00127096,54.3548
0.00127196,54.3598
0.00127296,54.3648
0.00127396,54.3698
0.00127496,54.3748
0.00127596,54.3798
0.00127696,54.3848
0.00127796,54.3898
0.00127896,54.3948
0.00127996,54.3998
0.00128096,54.4048
0.00128196,54.4098
0.00128296,54.4148
0.00128396,54.4198
0.00128496,54.4248
0.00128596,54.4298
0.00128696,54.4348
0.00128796,54.4398
0.00128896,54.4448
0.00128996,54.4498
0.00129096,54.4548
0.00129196,54.4598
0.00129296,54.4648
0.00129396,54.4698
0.00129496,54.4748
0.00129596,54.4798
0.00129696,54.4848
0.00129796,54.4898
0.00129896,54.4948
0.00129996,54.4998
0.00130096,54.5048
0.00130196,54.5098
0.00130296,54.5148
0.00130396,54.5198
0.00130496,54.5248
0.00130596,54.5298
0.00130696,54.5348
0.00130796,54.5398
0.00130896,54.5448
0.00130996,54.5498
0.00131096,54.5548
0.00131196,54.5598
0.00131296,54.5648
0.00131396,54.5698
0.00131496,54.5748
0.00131596,54.5798
0.00131696,54.5848
0.00131796,54.5898
0.00131896,54.5948
0.00131996,54.5998
0.00132096,54.6048
0.00132196,54.6098
0.00132296,54.6148
0.00132396,54.6198
0.00132496,54.6248
0.00132596,54.6298
0.00132696,54.6348
0.00132796,54.6398
0.00132896,54.6448
0.00132996,54.6498
0.00133096,54.6548
0.00133196,54.6598
0.00133296,54.6648
0.00133396,54.6698
0.00133496,54.6748
0.00133596,54.6798
0.00133696,54.6848
0.00133796,54.6898
0.00133896,54.6948
0.00133996,54.6998
0.00134096,54.7048
0.00134196,54.7098
0.00134296,54.7148
0.00134396,54.7198
0.00134496,54.7248
0.00134596,54.7298
0.00134696,54.7348
0.00134796,54.7398
0.00134896,54.7448
0.00134996,54.7498
0.00135096,54.7548
0.00135196,54.7598
0.00135296,54.7648
0.00135396,54.7698
0.00135496,54.7748
0.00135596,54.7798
0.00135696,54.7848
0.00135796,54.7898
0.00135896,54.7948
0.00135996,54.7998
0.00136096,54.8048
0.00136196,54.8098
0.00136296,54.8148
0.00136396,54.8198
0.00136496,54.8248
0.00136596,54.8298
0.00136696,54.8348
0.00136796,54.8398
0.00136896,54.8448
0.00136996,54.8498
0.00137096,54.8548
0.00137196,54.8598
0.00137296,54.8648
0.00137396,54.8698
0.00137496,54.8748
0.00137596,54.8798
0.00137696,54.8848
0.00137796,54.8898
0.00137896,54.8948
0.00137996,54.8998
0.00138096,54.9048
0.00138196,54.9098
0.00138296,54.9148
0.00138396,54.9198
0.00138496,54.9248
0.00138596,54.9298
0.00138696,54.9348
0.00138796,54.9398
0.00138896,54.9448
0.00138996,54.9498
0.00139096,54.9548
0.00139196,54.9598
0.00139296,54.9648
0.00139396,54.9698
0.00139496,54.9748
0.00139596,54.9798
0.00139696,54.9848
0.00139796,54.9898
0.00139896,54.9948
0.00139948,54.9974
0.0014,55
